Subsidiaries,Expense,Month,Version,Budget version 1
GO Americas,Amortization,7-Jan,Budget version 1,497745.81
GO Americas,Amortization,7-Feb,Budget version 1,497745.81
GO Americas,Amortization,7-Mar,Budget version 1,497745.81
GO Americas,Amortization,7-Apr,Budget version 1,497745.81
GO Americas,Amortization,7-May,Budget version 1,497745.81
GO Americas,Amortization,7-Jun,Budget version 1,497745.81
GO Americas,Amortization,7-Jul,Budget version 1,497745.81
GO Americas,Amortization,7-Aug,Budget version 1,497745.81
GO Americas,Amortization,7-Sep,Budget version 1,497745.81
GO Americas,Amortization,7-Oct,Budget version 1,497745.81
GO Americas,Amortization,7-Nov,Budget version 1,497745.81
GO Americas,Amortization,7-Dec,Budget version 1,497745.83
GO Americas,Income Taxes,7-Jan,Budget version 1,2635888.83
GO Americas,Income Taxes,7-Feb,Budget version 1,2635888.83
GO Americas,Income Taxes,7-Mar,Budget version 1,2804283.91
GO Americas,Income Taxes,7-Apr,Budget version 1,2462836.06
GO Americas,Income Taxes,7-May,Budget version 1,6526094.53
GO Americas,Income Taxes,7-Jun,Budget version 1,828351.07
GO Americas,Income Taxes,7-Jul,Budget version 1,735898.9
GO Americas,Income Taxes,7-Aug,Budget version 1,2738224.67
GO Americas,Income Taxes,7-Sep,Budget version 1,2544687.47
GO Americas,Income Taxes,7-Oct,Budget version 1,976747.83
GO Americas,Income Taxes,7-Nov,Budget version 1,4406595.63
GO Americas,Income Taxes,7-Dec,Budget version 1,2335168.2
GO Americas,Interest Expense,7-Jan,Budget version 1,689602.15
GO Americas,Interest Expense,7-Feb,Budget version 1,689602.15
GO Americas,Interest Expense,7-Mar,Budget version 1,656942.23
GO Americas,Interest Expense,7-Apr,Budget version 1,709124.31
GO Americas,Interest Expense,7-May,Budget version 1,689602.15
GO Americas,Interest Expense,7-Jun,Budget version 1,706409.95
GO Americas,Interest Expense,7-Jul,Budget version 1,673272.19
GO Americas,Interest Expense,7-Aug,Budget version 1,703217.75
GO Americas,Interest Expense,7-Sep,Budget version 1,695932.11
GO Americas,Interest Expense,7-Oct,Budget version 1,689602.15
GO Americas,Interest Expense,7-Nov,Budget version 1,654967.79
GO Americas,Interest Expense,7-Dec,Budget version 1,716950.86
GO Asia Pacific,Amortization,7-Jan,Budget version 1,397745.81
GO Asia Pacific,Amortization,7-Feb,Budget version 1,397745.81
GO Asia Pacific,Amortization,7-Mar,Budget version 1,397745.81
GO Asia Pacific,Amortization,7-Apr,Budget version 1,397745.81
GO Asia Pacific,Amortization,7-May,Budget version 1,397745.81
GO Asia Pacific,Amortization,7-Jun,Budget version 1,397745.81
GO Asia Pacific,Amortization,7-Jul,Budget version 1,397745.81
GO Asia Pacific,Amortization,7-Aug,Budget version 1,397745.81
GO Asia Pacific,Amortization,7-Sep,Budget version 1,397745.81
GO Asia Pacific,Amortization,7-Oct,Budget version 1,397745.81
GO Asia Pacific,Amortization,7-Nov,Budget version 1,397745.81
GO Asia Pacific,Amortization,7-Dec,Budget version 1,397745.83
GO Asia Pacific,Income Taxes,7-Jan,Budget version 1,2293044.07
GO Asia Pacific,Income Taxes,7-Feb,Budget version 1,2293044.07
GO Asia Pacific,Income Taxes,7-Mar,Budget version 1,2357474.23
GO Asia Pacific,Income Taxes,7-Apr,Budget version 1,2292958.08
GO Asia Pacific,Income Taxes,7-May,Budget version 1,2845682.13
GO Asia Pacific,Income Taxes,7-Jun,Budget version 1,1993844.18
GO Asia Pacific,Income Taxes,7-Jul,Budget version 1,2339085.28
GO Asia Pacific,Income Taxes,7-Aug,Budget version 1,2221946.81
GO Asia Pacific,Income Taxes,7-Sep,Budget version 1,2534214.12
GO Asia Pacific,Income Taxes,7-Oct,Budget version 1,1759147.73
GO Asia Pacific,Income Taxes,7-Nov,Budget version 1,2488112.94
GO Asia Pacific,Income Taxes,7-Dec,Budget version 1,2097975.25
GO Asia Pacific,Interest Expense,7-Jan,Budget version 1,593619.62
GO Asia Pacific,Interest Expense,7-Feb,Budget version 1,593619.62
GO Asia Pacific,Interest Expense,7-Mar,Budget version 1,611988.44
GO Asia Pacific,Interest Expense,7-Apr,Budget version 1,596618.58
GO Asia Pacific,Interest Expense,7-May,Budget version 1,567962.56
GO Asia Pacific,Interest Expense,7-Jun,Budget version 1,631939.45
GO Asia Pacific,Interest Expense,7-Jul,Budget version 1,584889.67
GO Asia Pacific,Interest Expense,7-Aug,Budget version 1,594709.65
GO Asia Pacific,Interest Expense,7-Sep,Budget version 1,602709.61
GO Asia Pacific,Interest Expense,7-Oct,Budget version 1,558139
GO Asia Pacific,Interest Expense,7-Nov,Budget version 1,632914.84
GO Asia Pacific,Interest Expense,7-Dec,Budget version 1,554324.35
GO Central Europe,Amortization,7-Jan,Budget version 1,322745.81
GO Central Europe,Amortization,7-Feb,Budget version 1,322745.81
GO Central Europe,Amortization,7-Mar,Budget version 1,322745.81
GO Central Europe,Amortization,7-Apr,Budget version 1,322745.81
GO Central Europe,Amortization,7-May,Budget version 1,322745.81
GO Central Europe,Amortization,7-Jun,Budget version 1,322745.81
GO Central Europe,Amortization,7-Jul,Budget version 1,322745.81
GO Central Europe,Amortization,7-Aug,Budget version 1,322745.81
GO Central Europe,Amortization,7-Sep,Budget version 1,322745.81
GO Central Europe,Amortization,7-Oct,Budget version 1,322745.81
GO Central Europe,Amortization,7-Nov,Budget version 1,322745.81
GO Central Europe,Amortization,7-Dec,Budget version 1,322745.83
GO Central Europe,Income Taxes,7-Jan,Budget version 1,1834435.26
GO Central Europe,Income Taxes,7-Feb,Budget version 1,1834435.26
GO Central Europe,Income Taxes,7-Mar,Budget version 1,1499150.42
GO Central Europe,Income Taxes,7-Apr,Budget version 1,2169720.1
GO Central Europe,Income Taxes,7-May,Budget version 1,1841933.47
GO Central Europe,Income Taxes,7-Jun,Budget version 1,1585022.39
GO Central Europe,Income Taxes,7-Jul,Budget version 1,2286650.37
GO Central Europe,Income Taxes,7-Aug,Budget version 1,1374762.97
GO Central Europe,Income Taxes,7-Sep,Budget version 1,2459864.66
GO Central Europe,Income Taxes,7-Oct,Budget version 1,1021911.12
GO Central Europe,Income Taxes,7-Nov,Budget version 1,2646959.4
GO Central Europe,Income Taxes,7-Dec,Budget version 1,1458377.7
GO Central Europe,Interest Expense,7-Jan,Budget version 1,474895.69
GO Central Europe,Interest Expense,7-Feb,Budget version 1,474895.69
GO Central Europe,Interest Expense,7-Mar,Budget version 1,492264.51
GO Central Europe,Interest Expense,7-Apr,Budget version 1,457526.87
GO Central Europe,Interest Expense,7-May,Budget version 1,484190.91
GO Central Europe,Interest Expense,7-Jun,Budget version 1,486631.02
GO Central Europe,Interest Expense,7-Jul,Budget version 1,479165.74
GO Central Europe,Interest Expense,7-Aug,Budget version 1,466985.72
GO Central Europe,Interest Expense,7-Sep,Budget version 1,444215.78
GO Central Europe,Interest Expense,7-Oct,Budget version 1,509552.75
GO Central Europe,Interest Expense,7-Nov,Budget version 1,440238.63
GO Central Europe,Interest Expense,7-Dec,Budget version 1,488185
GO Northern Europe,Amortization,7-Jan,Budget version 1,731079.14
GO Northern Europe,Amortization,7-Feb,Budget version 1,731079.14
GO Northern Europe,Amortization,7-Mar,Budget version 1,731079.14
GO Northern Europe,Amortization,7-Apr,Budget version 1,731079.14
GO Northern Europe,Amortization,7-May,Budget version 1,731079.14
GO Northern Europe,Amortization,7-Jun,Budget version 1,731079.14
GO Northern Europe,Amortization,7-Jul,Budget version 1,731079.14
GO Northern Europe,Amortization,7-Aug,Budget version 1,731079.14
GO Northern Europe,Amortization,7-Sep,Budget version 1,731079.14
GO Northern Europe,Amortization,7-Oct,Budget version 1,731079.14
GO Northern Europe,Amortization,7-Nov,Budget version 1,731079.14
GO Northern Europe,Amortization,7-Dec,Budget version 1,731079.19
GO Northern Europe,Income Taxes,7-Jan,Budget version 1,2040809.23
GO Northern Europe,Income Taxes,7-Feb,Budget version 1,2040809.23
GO Northern Europe,Income Taxes,7-Mar,Budget version 1,2216239.39
GO Northern Europe,Income Taxes,7-Apr,Budget version 1,2029723.24
GO Northern Europe,Income Taxes,7-May,Budget version 1,2405347.29
GO Northern Europe,Income Taxes,7-Jun,Budget version 1,2022709.34
GO Northern Europe,Income Taxes,7-Jul,Budget version 1,2091850.44
GO Northern Europe,Income Taxes,7-Aug,Budget version 1,1789711.97
GO Northern Europe,Income Taxes,7-Sep,Budget version 1,2253979.28
GO Northern Europe,Income Taxes,7-Oct,Budget version 1,1516912.89
GO Northern Europe,Income Taxes,7-Nov,Budget version 1,2385878.1
GO Northern Europe,Income Taxes,7-Dec,Budget version 1,1695740.31
GO Northern Europe,Interest Expense,7-Jan,Budget version 1,528321.46
GO Northern Europe,Interest Expense,7-Feb,Budget version 1,528321.46
GO Northern Europe,Interest Expense,7-Mar,Budget version 1,545690.28
GO Northern Europe,Interest Expense,7-Apr,Budget version 1,532320.42
GO Northern Europe,Interest Expense,7-May,Budget version 1,493664.4
GO Northern Europe,Interest Expense,7-Jun,Budget version 1,562641.29
GO Northern Europe,Interest Expense,7-Jul,Budget version 1,532591.51
GO Northern Europe,Interest Expense,7-Aug,Budget version 1,520411.49
GO Northern Europe,Interest Expense,7-Sep,Budget version 1,546411.45
GO Northern Europe,Interest Expense,7-Oct,Budget version 1,492840.84
GO Northern Europe,Interest Expense,7-Nov,Budget version 1,557616.68
GO Northern Europe,Interest Expense,7-Dec,Budget version 1,499026.22
GO Southern Europe,Amortization,7-Jan,Budget version 1,314,412.48
GO Southern Europe,Amortization,7-Feb,Budget version 1,314,412.48
GO Southern Europe,Amortization,7-Mar,Budget version 1,314,412.48
GO Southern Europe,Amortization,7-Apr,Budget version 1,314,412.48
GO Southern Europe,Amortization,7-May,Budget version 1,314,412.48
GO Southern Europe,Amortization,7-Jun,Budget version 1,314,412.48
GO Southern Europe,Amortization,7-Jul,Budget version 1,314,412.48
GO Southern Europe,Amortization,7-Aug,Budget version 1,314,412.48
GO Southern Europe,Amortization,7-Sep,Budget version 1,314,412.48
GO Southern Europe,Amortization,7-Oct,Budget version 1,314,412.48
GO Southern Europe,Amortization,7-Nov,Budget version 1,314,412.48
GO Southern Europe,Amortization,7-Dec,Budget version 1,314,412.46
GO Southern Europe,Income Taxes,7-Jan,Budget version 1,1949087.46
GO Southern Europe,Income Taxes,7-Feb,Budget version 1,1949087.46
GO Southern Europe,Income Taxes,7-Mar,Budget version 1,1613802.62
GO Southern Europe,Income Taxes,7-Apr,Budget version 1,2284372.3
GO Southern Europe,Income Taxes,7-May,Budget version 1,2325145.02
GO Southern Europe,Income Taxes,7-Jun,Budget version 1,1331115.24
GO Southern Europe,Income Taxes,7-Jul,Budget version 1,2401302.57
GO Southern Europe,Income Taxes,7-Aug,Budget version 1,1489415.17
GO Southern Europe,Income Taxes,7-Sep,Budget version 1,2022428.24
GO Southern Europe,Income Taxes,7-Oct,Budget version 1,1688651.94
GO Southern Europe,Income Taxes,7-Nov,Budget version 1,1943052.25
GO Southern Europe,Income Taxes,7-Dec,Budget version 1,2391589.28
GO Southern Europe,Interest Expense,7-Jan,Budget version 1,504576.67
GO Southern Europe,Interest Expense,7-Feb,Budget version 1,504576.67
GO Southern Europe,Interest Expense,7-Mar,Budget version 1,521945.5
GO Southern Europe,Interest Expense,7-Apr,Budget version 1,487207.84
GO Southern Europe,Interest Expense,7-May,Budget version 1,491287.39
GO Southern Europe,Interest Expense,7-Jun,Budget version 1,538896.5
GO Southern Europe,Interest Expense,7-Jul,Budget version 1,508846.72
GO Southern Europe,Interest Expense,7-Aug,Budget version 1,496666.7
GO Southern Europe,Interest Expense,7-Sep,Budget version 1,522666.67
GO Southern Europe,Interest Expense,7-Oct,Budget version 1,490463.82
GO Southern Europe,Interest Expense,7-Nov,Budget version 1,512504.1
GO Southern Europe,Interest Expense,7-Dec,Budget version 1,475281.5
GO Accessories GmbH,Amortization,7-Jan,Budget version 1,297745.81
GO Accessories GmbH,Amortization,7-Feb,Budget version 1,297745.81
GO Accessories GmbH,Amortization,7-Mar,Budget version 1,297745.81
GO Accessories GmbH,Amortization,7-Apr,Budget version 1,297745.81
GO Accessories GmbH,Amortization,7-May,Budget version 1,297745.81
GO Accessories GmbH,Amortization,7-Jun,Budget version 1,297745.81
GO Accessories GmbH,Amortization,7-Jul,Budget version 1,297745.81
GO Accessories GmbH,Amortization,7-Aug,Budget version 1,297745.81
GO Accessories GmbH,Amortization,7-Sep,Budget version 1,297745.81
GO Accessories GmbH,Amortization,7-Oct,Budget version 1,297745.81
GO Accessories GmbH,Amortization,7-Nov,Budget version 1,297745.81
GO Accessories GmbH,Amortization,7-Dec,Budget version 1,297745.83
GO Accessories GmbH,Income Taxes,7-Jan,Budget version 1,1945999.21
GO Accessories GmbH,Income Taxes,7-Feb,Budget version 1,1946764.91
GO Accessories GmbH,Income Taxes,7-Mar,Budget version 1,2159358.49
GO Accessories GmbH,Income Taxes,7-Apr,Budget version 1,2018270.13
GO Accessories GmbH,Income Taxes,7-May,Budget version 1,1825190.73
GO Accessories GmbH,Income Taxes,7-Jun,Budget version 1,1945798.52
GO Accessories GmbH,Income Taxes,7-Jul,Budget version 1,1901396.32
GO Accessories GmbH,Income Taxes,7-Aug,Budget version 1,1655698.74
GO Accessories GmbH,Income Taxes,7-Sep,Budget version 1,1737280.74
GO Accessories GmbH,Income Taxes,7-Oct,Budget version 1,1888495.81
GO Accessories GmbH,Income Taxes,7-Nov,Budget version 1,2424643.81
GO Accessories GmbH,Income Taxes,7-Dec,Budget version 1,1953494.42
GO Accessories GmbH,Interest Expense,7-Jan,Budget version 1,493437.02
GO Accessories GmbH,Interest Expense,7-Feb,Budget version 1,494202.67
GO Accessories GmbH,Interest Expense,7-Mar,Budget version 1,480849.41
GO Accessories GmbH,Interest Expense,7-Apr,Budget version 1,532552.68
GO Accessories GmbH,Interest Expense,7-May,Budget version 1,500942.71
GO Accessories GmbH,Interest Expense,7-Jun,Budget version 1,490226.34
GO Accessories GmbH,Interest Expense,7-Jul,Budget version 1,498956.47
GO Accessories GmbH,Interest Expense,7-Aug,Budget version 1,507547.15
GO Accessories GmbH,Interest Expense,7-Sep,Budget version 1,490283.59
GO Accessories GmbH,Interest Expense,7-Oct,Budget version 1,516848.61
GO Accessories GmbH,Interest Expense,7-Nov,Budget version 1,464866.17
GO Accessories GmbH,Interest Expense,7-Dec,Budget version 1,500932.18
GO Americas,Amortization,7-Jan,Budget version 2,505212
GO Americas,Amortization,7-Feb,Budget version 2,505212
GO Americas,Amortization,7-Mar,Budget version 2,505212
GO Americas,Amortization,7-Apr,Budget version 2,505212
GO Americas,Amortization,7-May,Budget version 2,505212
GO Americas,Amortization,7-Jun,Budget version 2,505212
GO Americas,Amortization,7-Jul,Budget version 2,505212
GO Americas,Amortization,7-Aug,Budget version 2,505212
GO Americas,Amortization,7-Sep,Budget version 2,505212
GO Americas,Amortization,7-Oct,Budget version 2,505212
GO Americas,Amortization,7-Nov,Budget version 2,505212
GO Americas,Amortization,7-Dec,Budget version 2,505212.02
GO Americas,Income Taxes,7-Jan,Budget version 2,2675427.16
GO Americas,Income Taxes,7-Feb,Budget version 2,2675427.16
GO Americas,Income Taxes,7-Mar,Budget version 2,2846348.17
GO Americas,Income Taxes,7-Apr,Budget version 2,2499778.6
GO Americas,Income Taxes,7-May,Budget version 2,6623985.95
GO Americas,Income Taxes,7-Jun,Budget version 2,840776.34
GO Americas,Income Taxes,7-Jul,Budget version 2,746937.38
GO Americas,Income Taxes,7-Aug,Budget version 2,2779298.04
GO Americas,Income Taxes,7-Sep,Budget version 2,2582857.78
GO Americas,Income Taxes,7-Oct,Budget version 2,991399.05
GO Americas,Income Taxes,7-Nov,Budget version 2,4472694.56
GO Americas,Income Taxes,7-Dec,Budget version 2,2370195.72
GO Americas,Interest Expense,7-Jan,Budget version 2,699946.18
GO Americas,Interest Expense,7-Feb,Budget version 2,699946.18
GO Americas,Interest Expense,7-Mar,Budget version 2,666796.36
GO Americas,Interest Expense,7-Apr,Budget version 2,719761.17
GO Americas,Interest Expense,7-May,Budget version 2,699946.18
GO Americas,Interest Expense,7-Jun,Budget version 2,717006.1
GO Americas,Interest Expense,7-Jul,Budget version 2,683371.27
GO Americas,Interest Expense,7-Aug,Budget version 2,713766.02
GO Americas,Interest Expense,7-Sep,Budget version 2,706371.09
GO Americas,Interest Expense,7-Oct,Budget version 2,699946.18
GO Americas,Interest Expense,7-Nov,Budget version 2,664792.31
GO Americas,Interest Expense,7-Dec,Budget version 2,727705.12
GO Asia Pacific,Amortization,7-Jan,Budget version 2,403712
GO Asia Pacific,Amortization,7-Feb,Budget version 2,403712
GO Asia Pacific,Amortization,7-Mar,Budget version 2,403712
GO Asia Pacific,Amortization,7-Apr,Budget version 2,403712
GO Asia Pacific,Amortization,7-May,Budget version 2,403712
GO Asia Pacific,Amortization,7-Jun,Budget version 2,403712
GO Asia Pacific,Amortization,7-Jul,Budget version 2,403712
GO Asia Pacific,Amortization,7-Aug,Budget version 2,403712
GO Asia Pacific,Amortization,7-Sep,Budget version 2,403712
GO Asia Pacific,Amortization,7-Oct,Budget version 2,403712
GO Asia Pacific,Amortization,7-Nov,Budget version 2,403712
GO Asia Pacific,Amortization,7-Dec,Budget version 2,403712.02
GO Asia Pacific,Income Taxes,7-Jan,Budget version 2,2327439.73
GO Asia Pacific,Income Taxes,7-Feb,Budget version 2,2327439.73
GO Asia Pacific,Income Taxes,7-Mar,Budget version 2,2392836.34
GO Asia Pacific,Income Taxes,7-Apr,Budget version 2,2327352.45
GO Asia Pacific,Income Taxes,7-May,Budget version 2,2888367.36
GO Asia Pacific,Income Taxes,7-Jun,Budget version 2,2023751.84
GO Asia Pacific,Income Taxes,7-Jul,Budget version 2,2374171.56
GO Asia Pacific,Income Taxes,7-Aug,Budget version 2,2255276.01
GO Asia Pacific,Income Taxes,7-Sep,Budget version 2,2572227.33
GO Asia Pacific,Income Taxes,7-Oct,Budget version 2,1785534.95
GO Asia Pacific,Income Taxes,7-Nov,Budget version 2,2525434.63
GO Asia Pacific,Income Taxes,7-Dec,Budget version 2,2129444.88
GO Asia Pacific,Interest Expense,7-Jan,Budget version 2,602523.91
GO Asia Pacific,Interest Expense,7-Feb,Budget version 2,602523.91
GO Asia Pacific,Interest Expense,7-Mar,Budget version 2,621168.27
GO Asia Pacific,Interest Expense,7-Apr,Budget version 2,605567.86
GO Asia Pacific,Interest Expense,7-May,Budget version 2,576482
GO Asia Pacific,Interest Expense,7-Jun,Budget version 2,641418.54
GO Asia Pacific,Interest Expense,7-Jul,Budget version 2,593663.02
GO Asia Pacific,Interest Expense,7-Aug,Budget version 2,603630.29
GO Asia Pacific,Interest Expense,7-Sep,Budget version 2,611750.25
GO Asia Pacific,Interest Expense,7-Oct,Budget version 2,566511.09
GO Asia Pacific,Interest Expense,7-Nov,Budget version 2,642408.56
GO Asia Pacific,Interest Expense,7-Dec,Budget version 2,562639.22
GO Central Europe,Amortization,7-Jan,Budget version 2,327587
GO Central Europe,Amortization,7-Feb,Budget version 2,327587
GO Central Europe,Amortization,7-Mar,Budget version 2,327587
GO Central Europe,Amortization,7-Apr,Budget version 2,327587
GO Central Europe,Amortization,7-May,Budget version 2,327587
GO Central Europe,Amortization,7-Jun,Budget version 2,327587
GO Central Europe,Amortization,7-Jul,Budget version 2,327587
GO Central Europe,Amortization,7-Aug,Budget version 2,327587
GO Central Europe,Amortization,7-Sep,Budget version 2,327587
GO Central Europe,Amortization,7-Oct,Budget version 2,327587
GO Central Europe,Amortization,7-Nov,Budget version 2,327587
GO Central Europe,Amortization,7-Dec,Budget version 2,327587.02
GO Central Europe,Income Taxes,7-Jan,Budget version 2,1861951.79
GO Central Europe,Income Taxes,7-Feb,Budget version 2,1861951.79
GO Central Europe,Income Taxes,7-Mar,Budget version 2,1521637.68
GO Central Europe,Income Taxes,7-Apr,Budget version 2,2202265.9
GO Central Europe,Income Taxes,7-May,Budget version 2,1869562.47
GO Central Europe,Income Taxes,7-Jun,Budget version 2,1608797.73
GO Central Europe,Income Taxes,7-Jul,Budget version 2,2320950.13
GO Central Europe,Income Taxes,7-Aug,Budget version 2,1395384.41
GO Central Europe,Income Taxes,7-Sep,Budget version 2,2496762.63
GO Central Europe,Income Taxes,7-Oct,Budget version 2,1037239.79
GO Central Europe,Income Taxes,7-Nov,Budget version 2,2686663.79
GO Central Europe,Income Taxes,7-Dec,Budget version 2,1480253.37
GO Central Europe,Interest Expense,7-Jan,Budget version 2,482019.13
GO Central Europe,Interest Expense,7-Feb,Budget version 2,482019.13
GO Central Europe,Interest Expense,7-Mar,Budget version 2,499648.48
GO Central Europe,Interest Expense,7-Apr,Budget version 2,464389.77
GO Central Europe,Interest Expense,7-May,Budget version 2,491453.77
GO Central Europe,Interest Expense,7-Jun,Budget version 2,493930.49
GO Central Europe,Interest Expense,7-Jul,Budget version 2,486353.23
GO Central Europe,Interest Expense,7-Aug,Budget version 2,473990.51
GO Central Europe,Interest Expense,7-Sep,Budget version 2,450879.02
GO Central Europe,Interest Expense,7-Oct,Budget version 2,517196.04
GO Central Europe,Interest Expense,7-Nov,Budget version 2,446842.21
GO Central Europe,Interest Expense,7-Dec,Budget version 2,495507.78
GO Northern Europe,Amortization,7-Jan,Budget version 2,742045.33
GO Northern Europe,Amortization,7-Feb,Budget version 2,742045.33
GO Northern Europe,Amortization,7-Mar,Budget version 2,742045.33
GO Northern Europe,Amortization,7-Apr,Budget version 2,742045.33
GO Northern Europe,Amortization,7-May,Budget version 2,742045.33
GO Northern Europe,Amortization,7-Jun,Budget version 2,742045.33
GO Northern Europe,Amortization,7-Jul,Budget version 2,742045.33
GO Northern Europe,Amortization,7-Aug,Budget version 2,742045.33
GO Northern Europe,Amortization,7-Sep,Budget version 2,742045.33
GO Northern Europe,Amortization,7-Oct,Budget version 2,742045.33
GO Northern Europe,Amortization,7-Nov,Budget version 2,742045.33
GO Northern Europe,Amortization,7-Dec,Budget version 2,742045.38
GO Northern Europe,Income Taxes,7-Jan,Budget version 2,2071421.37
GO Northern Europe,Income Taxes,7-Feb,Budget version 2,2071421.37
GO Northern Europe,Income Taxes,7-Mar,Budget version 2,2249482.98
GO Northern Europe,Income Taxes,7-Apr,Budget version 2,2060169.09
GO Northern Europe,Income Taxes,7-May,Budget version 2,2441427.5
GO Northern Europe,Income Taxes,7-Jun,Budget version 2,2053049.98
GO Northern Europe,Income Taxes,7-Jul,Budget version 2,2123228.2
GO Northern Europe,Income Taxes,7-Aug,Budget version 2,1816557.65
GO Northern Europe,Income Taxes,7-Sep,Budget version 2,2287788.97
GO Northern Europe,Income Taxes,7-Oct,Budget version 2,1539666.58
GO Northern Europe,Income Taxes,7-Nov,Budget version 2,2421666.27
GO Northern Europe,Income Taxes,7-Dec,Budget version 2,1721176.41
GO Northern Europe,Interest Expense,7-Jan,Budget version 2,536246.28
GO Northern Europe,Interest Expense,7-Feb,Budget version 2,536246.28
GO Northern Europe,Interest Expense,7-Mar,Budget version 2,553875.63
GO Northern Europe,Interest Expense,7-Apr,Budget version 2,540305.23
GO Northern Europe,Interest Expense,7-May,Budget version 2,501069.37
GO Northern Europe,Interest Expense,7-Jun,Budget version 2,571080.91
GO Northern Europe,Interest Expense,7-Jul,Budget version 2,540580.38
GO Northern Europe,Interest Expense,7-Aug,Budget version 2,528217.66
GO Northern Europe,Interest Expense,7-Sep,Budget version 2,554607.62
GO Northern Europe,Interest Expense,7-Oct,Budget version 2,500233.45
GO Northern Europe,Interest Expense,7-Nov,Budget version 2,565980.93
GO Northern Europe,Interest Expense,7-Dec,Budget version 2,506511.61
GO Southern Europe,Amortization,7-Jan,Budget version 2,319128.67
GO Southern Europe,Amortization,7-Feb,Budget version 2,319128.67
GO Southern Europe,Amortization,7-Mar,Budget version 2,319128.67
GO Southern Europe,Amortization,7-Apr,Budget version 2,319128.67
GO Southern Europe,Amortization,7-May,Budget version 2,319128.67
GO Southern Europe,Amortization,7-Jun,Budget version 2,319128.67
GO Southern Europe,Amortization,7-Jul,Budget version 2,319128.67
GO Southern Europe,Amortization,7-Aug,Budget version 2,319128.67
GO Southern Europe,Amortization,7-Sep,Budget version 2,319128.67
GO Southern Europe,Amortization,7-Oct,Budget version 2,319128.67
GO Southern Europe,Amortization,7-Nov,Budget version 2,319128.67
GO Southern Europe,Amortization,7-Dec,Budget version 2,319128.65
GO Southern Europe,Income Taxes,7-Jan,Budget version 2,1978323.77
GO Southern Europe,Income Taxes,7-Feb,Budget version 2,1978323.77
GO Southern Europe,Income Taxes,7-Mar,Budget version 2,1638009.66
GO Southern Europe,Income Taxes,7-Apr,Budget version 2,2318637.88
GO Southern Europe,Income Taxes,7-May,Budget version 2,2360022.2
GO Southern Europe,Income Taxes,7-Jun,Budget version 2,1351081.97
GO Southern Europe,Income Taxes,7-Jul,Budget version 2,2437322.11
GO Southern Europe,Income Taxes,7-Aug,Budget version 2,1511756.4
GO Southern Europe,Income Taxes,7-Sep,Budget version 2,2052764.66
GO Southern Europe,Income Taxes,7-Oct,Budget version 2,1713981.72
GO Southern Europe,Income Taxes,7-Nov,Budget version 2,1972198.03
GO Southern Europe,Income Taxes,7-Dec,Budget version 2,2427463.12
GO Southern Europe,Interest Expense,7-Jan,Budget version 2,512145.32
GO Southern Europe,Interest Expense,7-Feb,Budget version 2,512145.32
GO Southern Europe,Interest Expense,7-Mar,Budget version 2,529774.68
GO Southern Europe,Interest Expense,7-Apr,Budget version 2,494515.96
GO Southern Europe,Interest Expense,7-May,Budget version 2,498656.7
GO Southern Europe,Interest Expense,7-Jun,Budget version 2,546979.95
GO Southern Europe,Interest Expense,7-Jul,Budget version 2,516479.42
GO Southern Europe,Interest Expense,7-Aug,Budget version 2,504116.7
GO Southern Europe,Interest Expense,7-Sep,Budget version 2,530506.67
GO Southern Europe,Interest Expense,7-Oct,Budget version 2,497820.78
GO Southern Europe,Interest Expense,7-Nov,Budget version 2,520191.66
GO Southern Europe,Interest Expense,7-Dec,Budget version 2,482410.72
GO Accessories GmbH,Amortization,7-Jan,Budget version 2,302212
GO Accessories GmbH,Amortization,7-Feb,Budget version 2,302212
GO Accessories GmbH,Amortization,7-Mar,Budget version 2,302212
GO Accessories GmbH,Amortization,7-Apr,Budget version 2,302212
GO Accessories GmbH,Amortization,7-May,Budget version 2,302212
GO Accessories GmbH,Amortization,7-Jun,Budget version 2,302212
GO Accessories GmbH,Amortization,7-Jul,Budget version 2,302212
GO Accessories GmbH,Amortization,7-Aug,Budget version 2,302212
GO Accessories GmbH,Amortization,7-Sep,Budget version 2,302212
GO Accessories GmbH,Amortization,7-Oct,Budget version 2,302212
GO Accessories GmbH,Amortization,7-Nov,Budget version 2,302212
GO Accessories GmbH,Amortization,7-Dec,Budget version 2,302212.02
GO Accessories GmbH,Income Taxes,7-Jan,Budget version 2,1975189.2
GO Accessories GmbH,Income Taxes,7-Feb,Budget version 2,1975966.38
GO Accessories GmbH,Income Taxes,7-Mar,Budget version 2,2191748.87
GO Accessories GmbH,Income Taxes,7-Apr,Budget version 2,2048544.18
GO Accessories GmbH,Income Taxes,7-May,Budget version 2,1852568.59
GO Accessories GmbH,Income Taxes,7-Jun,Budget version 2,1974985.5
GO Accessories GmbH,Income Taxes,7-Jul,Budget version 2,1929917.26
GO Accessories GmbH,Income Taxes,7-Aug,Budget version 2,1680534.22
GO Accessories GmbH,Income Taxes,7-Sep,Budget version 2,1763339.95
GO Accessories GmbH,Income Taxes,7-Oct,Budget version 2,1916823.25
GO Accessories GmbH,Income Taxes,7-Nov,Budget version 2,2461013.47
GO Accessories GmbH,Income Taxes,7-Dec,Budget version 2,1982796.84
GO Accessories GmbH,Interest Expense,7-Jan,Budget version 2,500838.58
GO Accessories GmbH,Interest Expense,7-Feb,Budget version 2,501615.71
GO Accessories GmbH,Interest Expense,7-Mar,Budget version 2,488062.15
GO Accessories GmbH,Interest Expense,7-Apr,Budget version 2,540540.97
GO Accessories GmbH,Interest Expense,7-May,Budget version 2,508456.85
GO Accessories GmbH,Interest Expense,7-Jun,Budget version 2,497579.74
GO Accessories GmbH,Interest Expense,7-Jul,Budget version 2,506440.82
GO Accessories GmbH,Interest Expense,7-Aug,Budget version 2,515160.36
GO Accessories GmbH,Interest Expense,7-Sep,Budget version 2,497637.84
GO Accessories GmbH,Interest Expense,7-Oct,Budget version 2,524601.34
GO Accessories GmbH,Interest Expense,7-Nov,Budget version 2,471839.16
GO Accessories GmbH,Interest Expense,7-Dec,Budget version 2,508446.16
