Versions,Employees,Subsidiary,Grade,Start Date,Raise Month,Raise %,Band
Budget version 1,"Andrews,  George",GO Americas,G_43,1-Oct-02,Oct,5.2941,3
Budget version 1,"Bauer,  Laura",GO Americas,G_65,20-Aug-96,Aug,1.4228,9
Budget version 1,"Bergman,  Dennis",GO Americas,G_63,15-Jul-97,Jul,2.2857,8
Budget version 1,"Boscolo,  Maria",GO Americas,G_63,26-Feb-96,Feb,2.2346,9
Budget version 1,"Bretton,  Frank",GO Americas,G_57,10-Sep-99,Sep,4.0146,6
Budget version 1,"Brown,  Scott",GO Americas,G_63,22-Jul-96,Jul,2.2346,9
Budget version 1,"Dunn,  Paul",GO Americas,G_35,31-May-00,May,5.7357,5
Budget version 1,"Fournier,  Emile",GO Americas,G_13,13-Apr-99,Apr,6.4606,6
Budget version 1,"Fuhlroth,  Frank",GO Americas,G_42,12-May-03,May,4.9685,2
Budget version 1,"Fuller,  Stephanie",GO Americas,G_16,22-Mar-05,Mar,7.6923,1
Budget version 1,"Galley,  Eloise",GO Americas,G_09,5-Apr-00,Apr,4.0991,5
Budget version 1,"Gardner,  Donald",GO Americas,G_61,24-Nov-00,Nov,5.3292,5
Budget version 1,"Henderson,  Steven",GO Americas,G_66,30-Jan-96,Jan,1.3286,9
Budget version 1,"Hirsh,  Derek",GO Americas,G_09,16-Jan-03,Jan,4.6738,2
Budget version 1,"Kane,  Paula",GO Americas,G_53,29-Nov-99,Nov,5.11,6
Budget version 1,"Kent,  James",GO Americas,G_07,27-Sep-00,Sep,5.3708,5
Budget version 1,"Lanuit,  Pascal",GO Americas,G_30,5-Apr-01,Apr,4.3693,4
Budget version 1,"Lauzon,  Bernard",GO Americas,G_17,18-Jul-00,Jul,6.25,5
Budget version 1,"Li,  Ming",GO Americas,G_45,4-Mar-04,Mar,8.5938,1
Budget version 1,"Long,  John",GO Americas,G_45,22-Nov-04,Nov,8.5938,1
Budget version 1,"McCormick,  Ashley",GO Americas,G_16,5-Oct-01,Oct,5.8824,4
Budget version 1,"Miller,  Allen",GO Americas,G_45,18-Jan-99,Jan,6.0109,6
Budget version 1,"Parston,  Chris",GO Americas,G_09,20-Aug-02,Aug,4.4651,3
Budget version 1,"Peterson,  Diane",GO Americas,G_63,26-May-97,May,2.2857,8
Budget version 1,"Pettigrew,  Serge",GO Americas,G_51,7-Jul-00,Jul,6.7145,5
Budget version 1,"Pino,  Lloyd",GO Americas,G_45,26-Jun-97,Jun,5.3659,8
Budget version 1,"Piper,  David",GO Americas,G_45,9-Nov-04,Nov,8.5938,1
Budget version 1,"Racine,  Don",GO Americas,G_21,11-Feb-04,Feb,10.3448,1
Budget version 1,"Rizzo,  Vittorio",GO Americas,G_17,31-Aug-99,Aug,5.8824,6
Budget version 1,"Roach,  Chris",GO Americas,G_24,22-Apr-03,Apr,8.9866,2
Budget version 1,"Romero,  Silvia",GO Americas,G_16,13-Feb-02,Feb,6.25,3
Budget version 1,"Rowland,  Sherry",GO Americas,G_34,28-Mar-00,Mar,4.3369,5
Budget version 1,"Samuelsen,  Dagmar",GO Americas,G_17,26-Dec-97,Dec,5.2632,8
Budget version 1,"Schulz,  Anna",GO Americas,G_06,27-Jan-03,Jan,6.135,2
Budget version 1,"Schwarz,  Barbara",GO Americas,G_07,4-Dec-01,Dec,5.6757,4
Budget version 1,"Scott,  Amy",GO Americas,G_18,26-Mar-01,Mar,5.5614,4
Budget version 1,"Sheppard,  Diane",GO Americas,G_16,11-Apr-03,Apr,6.6667,2
Budget version 1,"Sherwood,  Tammy",GO Americas,G_49,6-Mar-00,Mar,6.5315,5
Budget version 1,"Smith,  Gordon",GO Americas,G_07,30-Jan-97,Jan,4.6256,8
Budget version 1,"Sommer,  Emma",GO Americas,G_60,4-Nov-96,Nov,3.44,9
Budget version 1,"Tamrine,  Penelope",GO Americas,G_67,24-Apr-96,Apr,1.6162,9
Budget version 1,"Taver,  Andrew",GO Americas,G_09,29-May-03,May,4.6738,2
Budget version 1,"Tayer,  Jonathan",GO Americas,G_07,6-Aug-02,Aug,6.0172,3
Budget version 1,"Thomas,  Dale",GO Americas,G_63,12-Aug-97,Aug,2.2857,8
Budget version 1,"Townsend,  Harold",GO Americas,G_29,10-Dec-99,Dec,2.7523,6
Budget version 1,"Vachon,  Martine",GO Americas,G_23,23-Mar-01,Mar,5.7451,4
Budget version 1,"White,  Sally",GO Americas,G_50,4-Mar-03,Mar,5.2871,2
Budget version 1,"Willborn,  Giselle",GO Americas,G_63,29-Jan-97,Jan,2.2857,8
Budget version 1,"Chow,  Donald",GO Americas,G_42,28-Jan-02,Jan,4.7333,3
Budget version 1,"Claudel,  Carole",GO Americas,G_16,2-Jan-04,Jan,7.1429,1
Budget version 1,"Hagen,  Jackie",GO Americas,G_30,8-Jul-02,Jul,4.569,3
Budget version 1,"Henderson,  Tammy",GO Americas,G_24,5-Jan-04,Jan,9.8739,1
Budget version 1,"Pierce,  Samantha",GO Americas,G_30,12-May-03,May,4.7877,2
Budget version 1,"Pike,  Brendon",GO Americas,G_16,24-Feb-03,Feb,6.6667,2
Budget version 1,"Saint-Germain,  Georges",GO Americas,G_50,28-Jan-03,Jan,5.2871,2
Budget version 1,"Belding,  Greg",GO Americas,G_58,10-Apr-00,Apr,6.2706,5
Budget version 1,"Carson,  Eric",GO Americas,G_42,27-Oct-00,Oct,4.324,5
Budget version 1,"Chambers,  Ken",GO Americas,G_29,17-Aug-99,Aug,2.7523,6
Budget version 1,"Cohen,  Valerie",GO Americas,G_09,24-Mar-05,Mar,5.1558,1
Budget version 1,"Cummings,  Rhonda",GO Americas,G_30,13-Aug-02,Aug,4.569,3
Budget version 1,"Duvalier,  Paula",GO Americas,G_09,18-Apr-02,Apr,4.4651,3
Budget version 1,"Lavoie,  Pierre",GO Americas,G_16,2-Jul-03,Jul,6.6667,2
Budget version 1,"Merrigan,  Nicolette",GO Americas,G_09,30-May-97,May,3.6502,8
Budget version 1,"Miles,  Dana",GO Americas,G_07,22-Jul-02,Jul,6.0172,3
Budget version 1,"Ripley,  James",GO Americas,G_42,18-Sep-00,Sep,4.324,5
Budget version 1,"Rodriguez,  Alex",GO Americas,G_50,8-Sep-00,Sep,4.5633,5
Budget version 1,"Rossi,  Agostino",GO Americas,G_09,16-Jul-03,Jul,4.6738,2
Budget version 1,"Wilcox,  Alan",GO Americas,G_34,22-May-97,May,3.8376,8
Budget version 1,"Floyd,  Samantha",GO Americas,G_50,2-May-00,May,4.5633,5
Budget version 1,"Harrows,  George",GO Americas,G_42,14-Aug-03,Aug,4.9685,2
Budget version 1,"Harvey,  Susan",GO Americas,G_40,26-Sep-05,Sep,10.2564,1
Budget version 1,"Lastman,  Audrey",GO Americas,G_42,19-Jun-00,Jun,4.324,5
Budget version 1,"Scott,  Bart",GO Americas,G_30,12-Feb-01,Feb,4.3693,4
Budget version 1,"White,  Melanie",GO Americas,G_16,6-Nov-03,Nov,6.6667,2
Budget version 1,"Brinkley,  Conrad",GO Americas,G_29,25-Jun-02,Jun,3,3
Budget version 1,"Danniston,  Janet",GO Americas,G_09,5-Mar-02,Mar,4.4651,3
Budget version 1,"Fowler,  Dale",GO Americas,G_43,12-Feb-98,Feb,4.3689,7
Budget version 1,"Johnson,  Lowell",GO Americas,G_13,3-Mar-04,Mar,9.5435,1
Budget version 1,"Laurel,  Charles",GO Americas,G_42,30-Jan-03,Jan,4.9685,2
Budget version 1,"Lewiston,  Margaret",GO Americas,G_30,22-Dec-04,Dec,5.0285,1
Budget version 1,"Merkley,  Paula",GO Americas,G_30,30-Jan-02,Jan,4.569,3
Budget version 1,"Ogilvie,  Michaela",GO Americas,G_07,5-Feb-04,Feb,6.8404,1
Budget version 1,"Rojas,  Gabriela",GO Americas,G_34,30-Jul-03,Jul,4.9855,2
Budget version 1,"Sanchez,  Cirineo",GO Americas,G_09,12-Dec-05,Dec,5.1558,1
Budget version 1,"Sinden,  Stephen",GO Americas,G_09,7-Aug-03,Aug,4.6738,2
Budget version 1,"Steinberg,  Nicole",GO Americas,G_57,14-Jan-02,Jan,4.5643,3
Budget version 1,"Thomas,  Janice",GO Americas,G_42,13-Jul-99,Jul,4.1448,6
Budget version 1,"Wright,  Corey",GO Americas,G_50,22-Jan-02,Jan,5.0216,3
Budget version 1,"Germaine,  Harold",GO Americas,G_16,18-Apr-03,Apr,6.6667,2
Budget version 1,"Hoffman,  Maureen",GO Americas,G_44,26-Jun-01,Jun,5.5118,4
Budget version 1,"Michaels,  Chad",GO Americas,G_35,16-Apr-03,Apr,6.9277,2
Budget version 1,"Millers,  Karly",GO Americas,G_16,12-May-03,May,6.6667,2
Budget version 1,"Olsen,  Julie",GO Americas,G_50,15-Aug-00,Aug,4.5633,5
Budget version 1,"Parry,  Vera",GO Americas,G_42,24-Sep-01,Sep,4.5194,4
Budget version 1,"Casares,  Antonio",GO Americas,G_27,8-Dec-03,Dec,7.4766,2
Budget version 1,"Delgado,  Drina",GO Americas,G_42,6-Aug-03,Aug,4.9685,2
Budget version 1,"Garces,  Victor",GO Americas,G_16,1-Jan-04,Jan,7.1429,1
Budget version 1,"Guzman,  Ciro",GO Americas,G_17,26-Sep-00,Sep,6.25,5
Budget version 1,"Guzman,  Malena",GO Americas,G_07,24-Oct-03,Oct,6.4024,2
Budget version 1,"Lopez,  Teresita",GO Americas,G_07,29-Oct-02,Oct,6.0172,3
Budget version 1,"Mendez,  Dion",GO Americas,G_30,16-Apr-04,Apr,5.0285,1
Budget version 1,"Nuñez,  Luis",GO Americas,G_41,23-Jul-04,Jul,11.3636,1
Budget version 1,"Ortega,  Jessica",GO Americas,G_06,30-Apr-01,Apr,5.4645,4
Budget version 1,"Perez,  Gepetto",GO Americas,G_50,29-Jul-03,Jul,5.2871,2
Budget version 1,"Ramirez,  Anna",GO Americas,G_13,19-Nov-01,Nov,7.4193,4
Budget version 1,"Reyna,  Lucía",GO Americas,G_42,8-Sep-03,Sep,4.9685,2
Budget version 1,"Rios,  Isabel",GO Americas,G_24,18-Sep-00,Sep,7.0783,5
Budget version 1,"Ross,  Barb",GO Americas,G_16,2-Mar-04,Mar,7.1429,1
Budget version 1,"Salazar,  Cristina",GO Americas,G_04,22-Apr-02,Apr,4,3
Budget version 1,"Saunder,  Andrea",GO Americas,G_17,23-Dec-02,Dec,7.1429,3
Budget version 1,"Valdez,  Anna",GO Americas,G_16,10-Aug-05,Aug,7.6923,1
Budget version 1,"Valdez,  Esperanza",GO Americas,G_16,19-Mar-03,Mar,6.6667,2
Budget version 1,"Vega,  Nuria",GO Americas,G_17,3-Feb-00,Feb,6.25,5
Budget version 1,"Aguilar,  Violeta",GO Americas,G_07,28-Dec-04,Dec,6.8404,1
Budget version 1,"Alvarez,  Balthasar",GO Americas,G_17,11-May-04,May,8.3333,1
Budget version 1,"Antunes,  Abel",GO Americas,G_40,27-Dec-02,Dec,7.8431,3
Budget version 1,"Barros,  Viviam",GO Americas,G_41,4-Nov-02,Nov,9.2593,3
Budget version 1,"Borges,  Liberio",GO Americas,G_24,26-Oct-04,Oct,9.8739,1
Budget version 1,"Cabral,  Humberto",GO Americas,G_29,19-Aug-05,Aug,3.2967,1
Budget version 1,"Costa,  Izabel",GO Americas,G_04,1-Jun-00,Jun,3.7037,5
Budget version 1,"Couto,  Beatriz",GO Americas,G_16,15-Mar-04,Mar,7.1429,1
Budget version 1,"Dias,  Isadora",GO Americas,G_07,7-Dec-99,Dec,5.0971,6
Budget version 1,"Dias,  Morela",GO Americas,G_45,17-Jul-02,Jul,7.3333,3
Budget version 1,"Ferreira,  Aitana",GO Americas,G_09,1-Oct-03,Oct,4.6738,2
Budget version 1,"Guimarães,  Eduardo",GO Americas,G_42,21-Apr-03,Apr,4.9685,2
Budget version 1,"Lopes,  Bayard",GO Americas,G_50,5-Mar-04,Mar,5.5822,1
Budget version 1,"Oliveira,  Roberto",GO Americas,G_34,8-Oct-01,Oct,4.5335,4
Budget version 1,"Pereira,  Alexandre",GO Americas,G_42,13-Nov-02,Nov,4.7333,3
Budget version 1,"Fujita,  Kouji",GO Asia Pacific,G_26,10-Apr-01,Apr,4.2805,4
Budget version 1,"Hayashi,  Masao",GO Asia Pacific,G_47,2-Apr-01,Apr,4.6921,4
Budget version 1,"Kato,  Aimi",GO Asia Pacific,G_11,1-Oct-02,Oct,6.1481,3
Budget version 1,"Kimura,  Kouhei",GO Asia Pacific,G_19,6-Jun-03,Jun,6.3758,2
Budget version 1,"Shimizu,  Ren",GO Asia Pacific,G_01,15-Dec-03,Dec,4.0636,2
Budget version 1,"Suzuki,  Hitomi",GO Asia Pacific,G_03,14-Feb-01,Feb,5.5854,4
Budget version 1,"Takahashi,  Akemi",GO Asia Pacific,G_26,12-May-03,May,4.6813,2
Budget version 1,"Takahashi,  Kaori",GO Asia Pacific,G_33,15-Feb-05,Feb,12.8205,1
Budget version 1,"Watanabe,  Daiki",GO Asia Pacific,G_62,21-Sep-01,Sep,2.4306,4
Budget version 1,"Yamada,  Akemi",GO Asia Pacific,G_36,19-Jun-01,Jun,4.4304,4
Budget version 1,"Yamamoto,  Ayaka",GO Asia Pacific,G_12,21-Nov-03,Nov,7.5718,2
Budget version 1,"Yamashita,  Nanami",GO Asia Pacific,G_08,23-Feb-05,Feb,10.3679,1
Budget version 1,"Yoshida,  Chiyo",GO Asia Pacific,G_10,23-Mar-04,Mar,8.3333,1
Budget version 1,"Aoki,  Isamu",GO Asia Pacific,G_46,3-Dec-02,Dec,7.513,3
Budget version 1,"Hashimoto,  Akira",GO Asia Pacific,G_11,12-Sep-01,Sep,5.792,4
Budget version 1,"Imori,  Genzo",GO Asia Pacific,G_59,4-Mar-03,Mar,6.3433,2
Budget version 1,"Inoue,  Kenzo",GO Asia Pacific,G_47,4-Sep-01,Sep,4.6921,4
Budget version 1,"Ito,  Isamu",GO Asia Pacific,G_62,1-Jun-01,Jun,2.4306,4
Budget version 1,"Kakui,  Masuzo",GO Asia Pacific,G_36,29-Jul-03,Jul,4.8611,2
Budget version 1,"Kato,  Chiyo",GO Asia Pacific,G_05,27-Mar-01,Mar,4.1856,4
Budget version 1,"Kimura,  Daichi",GO Asia Pacific,G_05,2-May-02,May,4.3684,3
Budget version 1,"Matsumoto,  Kenta",GO Asia Pacific,G_11,1-Jul-05,Jul,7.5385,1
Budget version 1,"Ogawa,  Hideyoshi",GO Asia Pacific,G_37,2-Mar-04,Mar,5.7971,1
Budget version 1,"Saito,  Fumiko",GO Asia Pacific,G_05,31-Dec-01,Dec,4.1856,4
Budget version 1,"Sasaki,  Kazuki",GO Asia Pacific,G_64,11-Dec-01,Dec,1.4493,4
Budget version 1,"Sato,  Haruka",GO Asia Pacific,G_28,29-Jun-04,Jun,5.1282,1
Budget version 1,"Tanaka,  Aimi",GO Asia Pacific,G_26,15-Mar-05,Mar,5.1648,1
Budget version 1,"Tanaka,  Daichi",GO Asia Pacific,G_62,18-May-01,May,2.4306,4
Budget version 1,"Tanaka,  Saburo",GO Asia Pacific,G_32,1-Apr-03,Apr,8.5106,2
Budget version 1,"Uragome,  Kazumi",GO Asia Pacific,G_54,2-Oct-02,Oct,4.5643,3
Budget version 1,"Watanabe,  Aiko",GO Asia Pacific,G_36,9-Jan-03,Jan,4.8611,2
Budget version 1,"Applebergh,  Jonathan",GO Asia Pacific,G_05,23-May-05,May,5.0273,1
Budget version 1,"Berger,  Doris",GO Asia Pacific,G_54,18-Feb-05,Feb,5.2885,1
Budget version 1,"Campbell,  Dean",GO Asia Pacific,G_28,8-Feb-05,Feb,5.4054,1
Budget version 1,"Cartel,  Jake",GO Asia Pacific,G_11,12-Aug-05,Aug,7.5385,1
Budget version 1,"Davidson,  Susan",GO Asia Pacific,G_03,17-May-05,May,7.1923,1
Budget version 1,"Donnelly,  Karen",GO Asia Pacific,G_47,4-Jan-05,Jan,5.7762,1
Budget version 1,"Faraday,  Thomas",GO Asia Pacific,G_05,16-Feb-05,Feb,5.0273,1
Budget version 1,"Fowlie,  Catherine",GO Asia Pacific,G_05,23-May-05,May,5.0273,1
Budget version 1,"Fulford,  Jackie",GO Asia Pacific,G_26,6-Jan-05,Jan,5.1648,1
Budget version 1,"Keneth,  Lawrence",GO Asia Pacific,G_08,21-Jun-05,Jun,10.3679,1
Budget version 1,"Morris,  Laura",GO Asia Pacific,G_01,12-Apr-05,Apr,4.4231,1
Budget version 1,"Samuel,  Andrea",GO Asia Pacific,G_03,25-Apr-05,Apr,7.1923,1
Budget version 1,"Sandles,  Cindy",GO Asia Pacific,G_11,11-Apr-05,Apr,7.5385,1
Budget version 1,"Smythe,  Dave",GO Asia Pacific,G_11,4-Aug-05,Aug,7.5385,1
Budget version 1,"Walter,  Alice",GO Asia Pacific,G_36,6-Jan-05,Jan,5.3846,1
Budget version 1,"Ward,  Donald",GO Asia Pacific,G_26,6-Jan-05,Jan,5.1648,1
Budget version 1,"Wilson,  Ken",GO Asia Pacific,G_10,19-Apr-05,Apr,9.0909,1
Budget version 1,"Choi,  Hye-Yul",GO Asia Pacific,G_20,24-Jan-01,Jan,7.5269,4
Budget version 1,"Choi,  Jung-ho",GO Asia Pacific,G_36,16-Apr-02,Apr,4.6358,3
Budget version 1,"Han,  Kyong-In",GO Asia Pacific,G_36,21-Jun-05,Jun,5.3846,1
Budget version 1,"Hong,  Kyong-In",GO Asia Pacific,G_31,20-Dec-04,Dec,7.3084,1
Budget version 1,"Jung,  Mal-Su",GO Asia Pacific,G_47,30-Dec-05,Dec,5.7762,1
Budget version 1,"Kim,  Chang-ho",GO Asia Pacific,G_36,30-Jul-02,Jul,4.6358,3
Budget version 1,"Kim,  Chi-Mi",GO Asia Pacific,G_38,26-May-03,May,6.0811,2
Budget version 1,"Lee,  Chi-San",GO Asia Pacific,G_03,18-Oct-02,Oct,5.9158,3
Budget version 1,"Lim,  Chi-Mi",GO Asia Pacific,G_26,5-Oct-01,Oct,4.2805,4
Budget version 1,"Namgung,  Yun",GO Asia Pacific,G_10,1-Feb-01,Feb,6.6667,4
Budget version 1,"Pak,  Hae-Un",GO Asia Pacific,G_08,3-Sep-03,Sep,8.5873,2
Budget version 1,"Teo,  He",GO Asia Pacific,G_36,17-Feb-04,Feb,5.1095,1
Budget version 1,"Yoo,  Hui-To",GO Asia Pacific,G_03,6-Apr-04,Apr,6.7097,1
Budget version 1,"Yoon,  Ra-San",GO Asia Pacific,G_11,26-Nov-04,Nov,7.01,1
Budget version 1,"Abbott,  Keith",GO Asia Pacific,G_33,1-Feb-05,Feb,12.8205,1
Budget version 1,"Black,  Thomas",GO Asia Pacific,G_11,17-Nov-03,Nov,6.5508,2
Budget version 1,"Chan,  Fang",GO Asia Pacific,G_36,26-Feb-02,Feb,4.6358,3
Budget version 1,"Fang,  Chin-Tsai",GO Asia Pacific,G_36,15-May-03,May,4.8611,2
Budget version 1,"Hé,  Wenhui",GO Asia Pacific,G_20,17-Oct-03,Oct,8.8608,2
Budget version 1,"Huáng,  Cai",GO Asia Pacific,G_22,4-Jul-05,Jul,8.7912,1
Budget version 1,"Kao,  Kwei-Ping",GO Asia Pacific,G_47,8-Jan-01,Jan,4.6921,4
Budget version 1,"Koh,  Guolong",GO Asia Pacific,G_26,23-Jul-01,Jul,4.2805,4
Budget version 1,"Lee,  Meifeng",GO Asia Pacific,G_03,15-Oct-03,Oct,6.2878,2
Budget version 1,"Liao,  Meifeng",GO Asia Pacific,G_26,15-Jan-04,Jan,4.9112,1
Budget version 1,"Lim,  Liren",GO Asia Pacific,G_03,9-Aug-04,Aug,6.7097,1
Budget version 1,"Liú,  Bang",GO Asia Pacific,G_22,23-Aug-05,Aug,8.7912,1
Budget version 1,"Ng,  Wuxiong",GO Asia Pacific,G_08,25-Sep-01,Sep,7.3286,4
Budget version 1,"Shen,  Wuxiong",GO Asia Pacific,G_39,31-Dec-03,Dec,7.7922,2
Budget version 1,"Smith,  Heather",GO Asia Pacific,G_03,12-Sep-05,Sep,7.1923,1
Budget version 1,"Tan,  Lifang",GO Asia Pacific,G_62,30-Jul-01,Jul,2.4306,4
Budget version 1,"Toh,  Meifeng",GO Asia Pacific,G_56,27-Sep-01,Sep,4.066,4
Budget version 1,"Zhang,  Anling",GO Asia Pacific,G_52,24-Dec-01,Dec,5.6015,4
Budget version 1,"Dong ,  Peng",GO Asia Pacific,G_03,9-Feb-05,Feb,7.1923,1
Budget version 1,"Gao,  Wu",GO Asia Pacific,G_10,18-Feb-02,Feb,7.1429,3
Budget version 1,"Guo,  Liling",GO Asia Pacific,G_48,1-Sep-03,Sep,8.2847,2
Budget version 1,"Guo,  Ting",GO Asia Pacific,G_28,28-Jan-04,Jan,5.1282,1
Budget version 1,"Hu,  Shujuan",GO Asia Pacific,G_55,23-Feb-04,Feb,8.37,1
Budget version 1,"Kong,  Desheng",GO Asia Pacific,G_05,5-Feb-04,Feb,4.7866,1
Budget version 1,"Li,  An",GO Asia Pacific,G_62,5-Nov-01,Nov,2.4306,4
Budget version 1,"Liáng,  Wulong",GO Asia Pacific,G_26,26-Feb-03,Feb,4.6813,2
Budget version 1,"Liú,  Cheng",GO Asia Pacific,G_36,24-Nov-03,Nov,4.8611,2
Budget version 1,"Ma,  Liling",GO Asia Pacific,G_11,13-Jun-02,Jun,6.1481,3
Budget version 1,"Meng,  Fei",GO Asia Pacific,G_36,3-Jun-02,Jun,4.6358,3
Budget version 1,"Pan,  Xin",GO Asia Pacific,G_02,16-Jun-03,Jun,6.0217,2
Budget version 1,"Wáng,  Anguo",GO Asia Pacific,G_03,20-Sep-05,Sep,7.1923,1
Budget version 1,"Wáng,  Baozhen",GO Asia Pacific,G_26,15-May-03,May,4.6813,2
Budget version 1,"Wang,  Xiangyong",GO Asia Pacific,G_26,17-Jun-02,Jun,4.4719,3
Budget version 1,"Wú,  Chengde",GO Asia Pacific,G_31,29-Jul-05,Jul,7.8846,1
Budget version 1,"Yáng,  Baozhen",GO Asia Pacific,G_08,30-May-03,May,8.5873,2
Budget version 1,"Yu,  Xing",GO Asia Pacific,G_11,16-Mar-01,Mar,5.792,4
Budget version 1,"Zhang,  Cai",GO Asia Pacific,G_47,8-Mar-01,Mar,4.6921,4
Budget version 1,"Zhào,  Cheng",GO Asia Pacific,G_39,15-Oct-01,Oct,6.7416,4
Budget version 1,"Zhou,  Li",GO Asia Pacific,G_15,7-Jun-05,Jun,11.5385,1
Budget version 1,"Zhu,  Lide",GO Asia Pacific,G_62,10-Aug-01,Aug,2.4306,4
Budget version 1,"Arnaud,  Adeline",GO Central Europe,G_06,15-Mar-05,Mar,6.993,1
Budget version 1,"Bacchus,  Henri",GO Central Europe,G_16,21-Jan-03,Jan,6.6667,2
Budget version 1,"Béchard,  Julie",GO Central Europe,G_50,26-Jan-04,Jan,5.5822,1
Budget version 1,"Bernard,  Amélie",GO Central Europe,G_27,6-Dec-05,Dec,8.7912,1
Budget version 1,"Borre,  Honoré",GO Central Europe,G_04,20-Jun-05,Jun,4.5455,1
Budget version 1,"Brion ,  Julien",GO Central Europe,G_13,10-Oct-00,Oct,6.9068,5
Budget version 1,"Dauphin,  Jules",GO Central Europe,G_17,14-Oct-02,Oct,7.1429,3
Budget version 1,"Dean,  Jane",GO Central Europe,G_41,2-Oct-00,Oct,7.8125,5
Budget version 1,"Durand,  Brigitte",GO Central Europe,G_40,31-Jan-00,Jan,6.7797,5
Budget version 1,"Gretton,  Caroline",GO Central Europe,G_35,2-Sep-02,Sep,6.4789,3
Budget version 1,"Jauvin,  Étienne",GO Central Europe,G_30,9-Oct-03,Oct,4.7877,2
Budget version 1,"Kodde,  Karine",GO Central Europe,G_42,9-Dec-02,Dec,4.7333,3
Budget version 1,"Labasilier,  Michel",GO Central Europe,G_16,3-May-04,May,7.1429,1
Budget version 1,"Lambert,  Francis",GO Central Europe,G_17,20-Jul-00,Jul,6.25,5
Budget version 1,"Laut,  Susanne",GO Central Europe,G_13,6-Jun-05,Jun,10.5503,1
Budget version 1,"Lavolier,  Philippe",GO Central Europe,G_51,10-Jun-05,Jun,10.1081,1
Budget version 1,"Leblanc,  Pierre",GO Central Europe,G_21,15-Mar-04,Mar,10.3448,1
Budget version 1,"Mercier,  Vincent",GO Central Europe,G_63,17-May-99,May,2.3952,6
Budget version 1,"Michel,  Élizabeth",GO Central Europe,G_42,24-Nov-03,Nov,4.9685,2
Budget version 1,"Nuissier,  Sandrine",GO Central Europe,G_57,23-Feb-05,Feb,5.2885,1
Budget version 1,"Pagé,  Denis",GO Central Europe,G_58,11-Dec-01,Dec,6.6901,4
Budget version 1,"Pascal,  Sébastien",GO Central Europe,G_65,26-Jan-99,Jan,1.4862,6
Budget version 1,"Roche,  Adrienne",GO Central Europe,G_63,10-Sep-99,Sep,2.3952,6
Budget version 1,"Samson,  Frédéric",GO Central Europe,G_50,13-Jan-03,Jan,5.2871,2
Budget version 1,"Thomas,  Anastasie",GO Central Europe,G_07,29-Dec-03,Dec,6.4024,2
Budget version 1,"Turpin,  Daniel",GO Central Europe,G_30,26-Jun-02,Jun,4.569,3
Budget version 1,"Vierin,  Thierry",GO Central Europe,G_35,5-Mar-02,Mar,6.4789,3
Budget version 1,"Bakker,  Johan",GO Central Europe,G_42,25-Dec-00,Dec,4.324,5
Budget version 1,"Becker,  Hans",GO Central Europe,G_42,30-Mar-05,Mar,5.5167,1
Budget version 1,"Gerster,  Earnest",GO Central Europe,G_07,2-Mar-05,Mar,7.3427,1
Budget version 1,"Hirsch,  Fritz",GO Central Europe,G_50,20-Dec-04,Dec,5.5822,1
Budget version 1,"Hoenike,  Katharina",GO Central Europe,G_30,22-Oct-02,Oct,4.569,3
Budget version 1,"Krieger,  Dietz",GO Central Europe,G_63,13-May-99,May,2.3952,6
Budget version 1,"Krieger,  Johanna",GO Central Europe,G_45,25-Jun-02,Jun,7.3333,3
Budget version 1,"Kunze,  Jörg",GO Central Europe,G_43,18-Feb-03,Feb,5.5901,2
Budget version 1,"Lehrer,  Albrecht",GO Central Europe,G_63,21-Jun-99,Jun,2.3952,6
Budget version 1,"Leyder,  Sylvie",GO Central Europe,G_30,4-Jul-03,Jul,4.7877,2
Budget version 1,"Martin,  Florence",GO Central Europe,G_23,7-Mar-05,Mar,7.4592,1
Budget version 1,"Mörike,  Else",GO Central Europe,G_57,7-Nov-00,Nov,4.1825,5
Budget version 1,"Muller,  Johanna",GO Central Europe,G_63,8-Nov-99,Nov,2.3952,6
Budget version 1,"Rayet,  Anne",GO Central Europe,G_04,26-Apr-01,Apr,3.8462,4
Budget version 1,"Samuelsen,  Barbara",GO Central Europe,G_61,3-Jan-02,Jan,5.9649,3
Budget version 1,"Schmidt,  Lea",GO Central Europe,G_42,20-May-02,May,4.7333,3
Budget version 1,"Schmidt,  Maria",GO Central Europe,G_16,27-Dec-05,Dec,7.6923,1
Budget version 1,"Schmuker,  Georg",GO Central Europe,G_16,30-Jan-02,Jan,6.25,3
Budget version 1,"Villemont,  Nicole",GO Central Europe,G_06,5-Dec-05,Dec,6.993,1
Budget version 1,"Wiesinger,  Elsbeth",GO Central Europe,G_50,22-Mar-05,Mar,5.9123,1
Budget version 1,"Winkler,  Björn",GO Central Europe,G_42,13-Jul-04,Jul,5.2283,1
Budget version 1,"Blackwell,  Susan",GO Central Europe,G_16,22-Dec-04,Dec,7.1429,1
Budget version 1,"Butler,  Rick",GO Central Europe,G_30,19-Jun-00,Jun,4.1864,5
Budget version 1,"Chaplin,  Aidan",GO Central Europe,G_16,1-Mar-05,Mar,7.6923,1
Budget version 1,"Hanes,  Veronica",GO Central Europe,G_17,16-Oct-01,Oct,6.6667,4
Budget version 1,"Hart,  Daniel",GO Central Europe,G_24,18-Aug-00,Aug,7.0783,5
Budget version 1,"Hunter,  Angela",GO Central Europe,G_45,23-Feb-05,Feb,9.4017,1
Budget version 1,"Jennings,  Christopher",GO Central Europe,G_44,1-Mar-02,Mar,5.8333,3
Budget version 1,"Jones,  Helen",GO Central Europe,G_53,14-Oct-03,Oct,6.4229,2
Budget version 1,"Keon,  Susan",GO Central Europe,G_63,24-Dec-99,Dec,2.3952,6
Budget version 1,"Martin,  Alice",GO Central Europe,G_07,14-Dec-05,Dec,7.3427,1
Budget version 1,"Roberts,  Andrew",GO Central Europe,G_07,20-Aug-02,Aug,6.0172,3
Budget version 1,"Roberts,  Ian",GO Central Europe,G_60,23-Aug-01,Aug,4.1545,4
Budget version 1,"Ross-Hythe,  James",GO Central Europe,G_42,5-Jan-01,Jan,4.5194,4
Budget version 1,"Scott,  Cindy",GO Central Europe,G_45,17-Sep-01,Sep,6.8323,4
Budget version 1,"Sickling,  Cyril",GO Central Europe,G_17,3-May-05,May,9.0909,1
Budget version 1,"Sommer,  Susanne",GO Central Europe,G_35,15-Jul-04,Jul,7.4434,1
Budget version 1,"Taylor,  Walter",GO Central Europe,G_50,10-Oct-02,Oct,5.0216,3
Budget version 1,"Willoughby,  Humphrey",GO Central Europe,G_30,5-Dec-03,Dec,4.7877,2
Budget version 1,"Browne,  Emily",GO Central Europe,G_30,27-Sep-99,Sep,4.0182,6
Budget version 1,"Kieran,  Hugues",GO Central Europe,G_16,7-Mar-01,Mar,5.8824,4
Budget version 1,"Landen,  Daniel",GO Central Europe,G_16,8-Feb-00,Feb,5.5556,5
Budget version 1,"Linton,  Polly",GO Central Europe,G_50,27-Feb-01,Feb,4.7815,4
Budget version 1,"Walker,  Janet",GO Central Europe,G_42,23-Feb-99,Feb,4.1448,6
Budget version 1,"Bernardin,  Olivier",GO Central Europe,G_24,7-Oct-02,Oct,8.2456,3
Budget version 1,"Brink,  Conrad",GO Central Europe,G_49,21-Feb-03,Feb,8.1232,2
Budget version 1,"David,  Roland",GO Central Europe,G_44,31-Aug-01,Aug,5.5118,4
Budget version 1,"Fouche,  Marcel",GO Central Europe,G_18,5-Aug-05,Aug,7.1525,1
Budget version 1,"Horak,  Michael",GO Central Europe,G_42,17-Jan-05,Jan,5.5167,1
Budget version 1,"Jever,  Frank",GO Central Europe,G_30,6-Dec-05,Dec,5.2947,1
Budget version 1,"Keschmann,  Amara",GO Central Europe,G_16,18-Jan-05,Jan,7.6923,1
Budget version 1,"Laut,  Barnard",GO Central Europe,G_41,28-Jan-05,Jan,12.8205,1
Budget version 1,"O'Reilly,  Diane",GO Central Europe,G_30,6-Jan-05,Jan,5.2947,1
Budget version 1,"Petit,  Anouk",GO Central Europe,G_06,21-Sep-05,Sep,6.993,1
Budget version 1,"Reiter,  Werner",GO Central Europe,G_50,6-Jan-05,Jan,5.9123,1
Budget version 1,"Vanhaelst,  Sophie",GO Central Europe,G_16,6-Jan-05,Jan,7.6923,1
Budget version 1,"Wagner,  Johann",GO Central Europe,G_40,4-Mar-05,Mar,10.2564,1
Budget version 1,"Willborn,  Katja",GO Central Europe,G_18,24-Feb-05,Feb,7.1525,1
Budget version 1,"Wouters,  Ines",GO Central Europe,G_16,12-Dec-05,Dec,7.6923,1
Budget version 1,"Bernard,  Alain",GO Central Europe,G_09,9-Jun-04,Jun,4.903,1
Budget version 1,"Bertrand,  Jeanne",GO Central Europe,G_34,10-Mar-03,Mar,4.9855,2
Budget version 1,"Blanc,  Gérard",GO Central Europe,G_07,15-Nov-05,Nov,7.3427,1
Budget version 1,"Chouteau,  Joseph",GO Central Europe,G_42,7-Jan-05,Jan,5.5167,1
Budget version 1,"Courville,  Emilie",GO Central Europe,G_09,7-Mar-05,Mar,5.1558,1
Budget version 1,"David,  Isabelle",GO Central Europe,G_09,13-Jun-03,Jun,4.6738,2
Budget version 1,"De Crée,  François",GO Central Europe,G_16,7-Jan-05,Jan,7.6923,1
Budget version 1,"Decoudreau,  Carlotta",GO Central Europe,G_30,7-Jan-05,Jan,5.2947,1
Budget version 1,"Dubois,  Antoine",GO Central Europe,G_50,3-Jan-05,Jan,5.9123,1
Budget version 1,"Dupart,  Briand",GO Central Europe,G_09,16-Mar-05,Mar,5.1558,1
Budget version 1,"Faillard,  Chantal",GO Central Europe,G_07,7-Mar-05,Mar,7.3427,1
Budget version 1,"Gallaud,  Bruce",GO Central Europe,G_16,14-Mar-05,Mar,7.6923,1
Budget version 1,"Gellens,  Gracy",GO Central Europe,G_42,6-Jan-05,Jan,5.5167,1
Budget version 1,"Laut,  Robert",GO Central Europe,G_09,12-Jan-04,Jan,4.903,1
Budget version 1,"Martin,  Adrien",GO Central Europe,G_09,18-Apr-05,Apr,5.1558,1
Budget version 1,"Petit,  Alexis",GO Central Europe,G_29,9-Jul-04,Jul,3.1915,1
Budget version 1,"Pujol,  Etienne",GO Central Europe,G_09,7-Jul-03,Jul,4.6738,2
Budget version 1,"Rader,  Reinhard",GO Central Europe,G_09,24-Nov-04,Nov,4.903,1
Budget version 1,"Afschrift,  Hank",GO Accessories GmbH,G_07,12-Jul-02,Jul,6.0172,3
Budget version 1,"Agostini,  Bianca",GO Accessories GmbH,G_06,19-Aug-05,Aug,6.993,1
Budget version 1,"Albiñana,  Roderick",GO Accessories GmbH,G_42,12-Aug-05,Aug,5.5167,1
Budget version 1,"Bacchus,  Gilles",GO Accessories GmbH,G_63,3-Oct-01,Oct,2.5157,4
Budget version 1,"Bakker,  Roger",GO Accessories GmbH,G_30,14-Jul-03,Jul,4.7877,2
Budget version 1,"Baldock,  Anne",GO Accessories GmbH,G_13,1-Mar-01,Mar,7.4193,4
Budget version 1,"Baldock,  Wilbur",GO Accessories GmbH,G_30,21-Jul-03,Jul,4.7877,2
Budget version 1,"Belli,  Marco",GO Accessories GmbH,G_17,20-Jan-05,Jan,9.0909,1
Budget version 1,"Benoit,  Nathalie",GO Accessories GmbH,G_30,24-Nov-03,Nov,4.7877,2
Budget version 1,"Bichot,  Lotta",GO Accessories GmbH,G_42,23-Jan-04,Jan,5.2283,1
Budget version 1,"Bichot,  Nicholas",GO Accessories GmbH,G_61,25-Feb-02,Feb,5.9649,3
Budget version 1,"Blackmore,  Ulla",GO Accessories GmbH,G_50,10-Oct-05,Oct,5.9123,1
Budget version 1,"Bonnet,  Juliette",GO Accessories GmbH,G_16,26-Feb-01,Feb,5.8824,4
Budget version 1,"Borre,  Henri",GO Accessories GmbH,G_63,29-Nov-01,Nov,2.5157,4
Budget version 1,"Boscolo,  Lucia",GO Accessories GmbH,G_17,25-Sep-01,Sep,6.6667,4
Budget version 1,"Braun,  Ellen",GO Accessories GmbH,G_16,24-Dec-01,Dec,5.8824,4
Budget version 1,"Braun,  Josef",GO Accessories GmbH,G_17,12-Aug-02,Aug,7.1429,3
Budget version 1,"Breitfeld,  Henrietta",GO Accessories GmbH,G_27,18-Jan-05,Jan,8.7912,1
Budget version 1,"Brinkerhoff,  Denys",GO Accessories GmbH,G_07,16-Sep-04,Sep,6.8404,1
Budget version 1,"Brown,  Amy",GO Accessories GmbH,G_35,15-Sep-04,Sep,7.4434,1
Budget version 1,"Bruno,  Fausta",GO Accessories GmbH,G_42,24-Oct-02,Oct,4.7333,3
Budget version 1,"Castillo,  Ariel",GO Accessories GmbH,G_30,7-Dec-05,Dec,5.2947,1
Budget version 1,"Chambers,  Jennifer",GO Accessories GmbH,G_41,19-Mar-02,Mar,9.2593,3
Budget version 1,"Chambers,  Warren",GO Accessories GmbH,G_42,5-Jan-04,Jan,5.2283,1
Budget version 1,"Cloet,  Baltje",GO Accessories GmbH,G_07,17-Apr-01,Apr,5.6757,4
Budget version 1,"Coeman,  Betje",GO Accessories GmbH,G_07,9-Sep-03,Sep,6.4024,2
Budget version 1,"David,  Claude",GO Accessories GmbH,G_17,3-Aug-01,Aug,6.6667,4
Budget version 1,"Didier,  Edouard",GO Accessories GmbH,G_40,19-Apr-04,Apr,9.3023,1
Budget version 1,"Didier,  Marlene",GO Accessories GmbH,G_30,23-Apr-02,Apr,4.569,3
Budget version 1,"Durand ,  Ivonne",GO Accessories GmbH,G_07,27-Mar-03,Mar,6.4024,2
Budget version 1,"Elsen,  Henri",GO Accessories GmbH,G_27,10-Dec-02,Dec,6.9565,3
Budget version 1,"Erler,  Rolf",GO Accessories GmbH,G_49,5-Aug-02,Aug,7.513,3
Budget version 1,"Forneret,  Clarice",GO Accessories GmbH,G_13,26-May-04,May,9.5435,1
Budget version 1,"Frohner,  Siegfried",GO Accessories GmbH,G_27,24-Feb-04,Feb,8.0808,1
Budget version 1,"Fusillo,  Armando",GO Accessories GmbH,G_06,20-Mar-02,Mar,5.7803,3
Budget version 1,"Gallo,  Grazia",GO Accessories GmbH,G_24,10-Apr-03,Apr,8.9866,2
Budget version 1,"Garcia,  Bruno",GO Accessories GmbH,G_17,12-Sep-01,Sep,6.6667,4
Budget version 1,"Garcia,  Henriette",GO Accessories GmbH,G_44,4-Apr-05,Apr,7.0707,1
Budget version 1,"Gianni,  Lorenzo",GO Accessories GmbH,G_17,30-Apr-04,Apr,8.3333,1
Budget version 1,"Giordano,  Fiorenza",GO Accessories GmbH,G_42,25-Nov-03,Nov,4.9685,2
Budget version 1,"Greco,  Fabiano",GO Accessories GmbH,G_30,17-Sep-04,Sep,5.0285,1
Budget version 1,"Haak,  Aert",GO Accessories GmbH,G_21,30-May-05,May,11.5385,1
Budget version 1,"Haanraads,  Adriaantje",GO Accessories GmbH,G_30,26-Apr-05,Apr,5.2947,1
Budget version 1,"Hansen,  Aaltje",GO Accessories GmbH,G_16,10-Jan-05,Jan,7.6923,1
Budget version 1,"Harris,  Julian",GO Accessories GmbH,G_34,19-Sep-01,Sep,4.5335,4
Budget version 1,"Heijman,  Adda",GO Accessories GmbH,G_30,15-Apr-05,Apr,5.2947,1
Budget version 1,"Heiman,  Aaghie",GO Accessories GmbH,G_35,28-Apr-03,Apr,6.9277,2
Budget version 1,"Hernandez,  Nominanda",GO Accessories GmbH,G_16,4-Oct-04,Oct,7.1429,1
Budget version 1,"Hoenike,  Heidi",GO Accessories GmbH,G_07,15-Nov-04,Nov,6.8404,1
Budget version 1,"Iacobucci,  Adriana",GO Accessories GmbH,G_63,9-May-01,May,2.5157,4
Budget version 1,"Kessler,  Tim",GO Accessories GmbH,G_13,7-Aug-01,Aug,7.4193,4
Budget version 1,"Kodde,  Rolf",GO Accessories GmbH,G_42,22-Jun-05,Jun,5.5167,1
Budget version 1,"Kramer,  Luca",GO Accessories GmbH,G_45,22-Oct-02,Oct,7.3333,3
Budget version 1,"Kunstler,  David",GO Accessories GmbH,G_13,2-Dec-03,Dec,8.712,2
Budget version 1,"Lalande,  Remi",GO Accessories GmbH,G_16,18-Oct-05,Oct,7.6923,1
Budget version 1,"Laurent,  Beata",GO Accessories GmbH,G_09,27-Sep-01,Sep,4.2743,4
Budget version 1,"Lazzeretti,  Silvia",GO Accessories GmbH,G_58,16-Jun-03,Jun,7.7236,2
Budget version 1,"Leroi,  Benjamin",GO Accessories GmbH,G_44,22-Jan-03,Jan,6.1947,2
Budget version 1,"Leroi,  Gabrielle",GO Accessories GmbH,G_07,20-Sep-02,Sep,6.0172,3
Budget version 1,"Leyder,  Mathilde",GO Accessories GmbH,G_30,10-Jul-02,Jul,4.569,3
Budget version 1,"Lioutau,  Patrick",GO Accessories GmbH,G_53,16-Feb-04,Feb,6.8637,1
Budget version 1,"Lopez,  Maisie",GO Accessories GmbH,G_42,10-Feb-05,Feb,5.5167,1
Budget version 1,"Mallorquin,  Rémy",GO Accessories GmbH,G_27,19-Mar-04,Mar,8.0808,1
Budget version 1,"Marc,  André",GO Accessories GmbH,G_16,4-Jan-01,Jan,5.8824,4
Budget version 1,"Marc,  Serilda",GO Accessories GmbH,G_16,23-Dec-03,Dec,6.6667,2
Budget version 1,"Marino,  Enrico",GO Accessories GmbH,G_30,3-May-04,May,5.0285,1
Budget version 1,"Martin,  Michel",GO Accessories GmbH,G_23,12-Mar-02,Mar,6.0952,3
Budget version 1,"Michel,  Bertrand",GO Accessories GmbH,G_60,6-Oct-04,Oct,4.746,1
Budget version 1,"Michel,  Denise",GO Accessories GmbH,G_07,12-Jul-05,Jul,7.3427,1
Budget version 1,"Moreau,  Amaury",GO Accessories GmbH,G_51,9-Dec-02,Dec,7.7561,3
Budget version 1,"Moreau,  Claire",GO Accessories GmbH,G_07,20-Dec-05,Dec,7.3427,1
Budget version 1,"Muller,  Sarah",GO Accessories GmbH,G_13,3-Mar-03,Mar,8.712,2
Budget version 1,"Nardulli,  Mirella",GO Accessories GmbH,G_17,19-Apr-05,Apr,9.0909,1
Budget version 1,"Pera,  Caterina",GO Accessories GmbH,G_06,12-Dec-05,Dec,6.993,1
Budget version 1,"Ramos,  Agnes",GO Accessories GmbH,G_16,14-Jun-04,Jun,7.1429,1
Budget version 1,"Rayet,  Louise",GO Accessories GmbH,G_16,15-Sep-03,Sep,6.6667,2
Budget version 1,"Reifsneider,  Lukas",GO Accessories GmbH,G_45,12-Oct-04,Oct,8.5938,1
Budget version 1,"Richard,  Astrid",GO Accessories GmbH,G_07,1-Oct-04,Oct,6.8404,1
Budget version 1,"Richter,  Lisa",GO Accessories GmbH,G_09,5-Mar-02,Mar,4.4651,3
Budget version 1,"Romano,  Tessa",GO Accessories GmbH,G_24,14-Jul-03,Jul,8.9866,2
Budget version 1,"Roux,  Christophe",GO Accessories GmbH,G_17,30-Dec-02,Dec,7.1429,3
Budget version 1,"Roux,  Hortense",GO Accessories GmbH,G_44,1-Oct-03,Oct,6.1947,2
Budget version 1,"Ruiz,  Abram",GO Accessories GmbH,G_30,29-Oct-02,Oct,4.569,3
Budget version 1,"Runge,  Werner",GO Accessories GmbH,G_09,21-Jan-03,Jan,4.6738,2
Budget version 1,"Saltzman,  Maximilian",GO Accessories GmbH,G_65,23-Jul-01,Jul,1.5317,4
Budget version 1,"Scarasse,  Margot",GO Accessories GmbH,G_04,15-Dec-03,Dec,4.1667,2
Budget version 1,"Schenker,  Daniel",GO Accessories GmbH,G_09,28-Oct-05,Oct,5.1558,1
Budget version 1,"Schleimer,  Pierre",GO Accessories GmbH,G_16,4-Mar-05,Mar,7.6923,1
Budget version 1,"Schlosser,  Paul",GO Accessories GmbH,G_63,8-Feb-01,Feb,2.5157,4
Budget version 1,"Schmidt,  Niklas",GO Accessories GmbH,G_09,7-May-02,May,4.4651,3
Budget version 1,"Schmuker,  Alexander",GO Accessories GmbH,G_63,16-May-01,May,2.5157,4
Budget version 1,"Schulz,  Julia",GO Accessories GmbH,G_40,10-Oct-01,Oct,7.2727,4
Budget version 1,"Schulz,  Warner",GO Accessories GmbH,G_30,13-Mar-02,Mar,4.569,3
Budget version 1,"Schwarz,  Antje",GO Accessories GmbH,G_41,18-May-04,May,11.3636,1
Budget version 1,"Simon,  Bernard",GO Accessories GmbH,G_63,9-Oct-01,Oct,2.5157,4
Budget version 1,"Simon,  Diane",GO Accessories GmbH,G_07,22-Aug-05,Aug,7.3427,1
Budget version 1,"Tibor,  Obert",GO Accessories GmbH,G_16,9-Jun-03,Jun,6.6667,2
Budget version 1,"Torta,  Emilio",GO Accessories GmbH,G_17,10-Mar-04,Mar,8.3333,1
Budget version 1,"Vanhaelst,  Kurt",GO Accessories GmbH,G_17,13-Aug-01,Aug,6.6667,4
Budget version 1,"Weber,  Leon",GO Accessories GmbH,G_16,28-Sep-01,Sep,5.8824,4
Budget version 1,"Wiesinger,  Adelaide",GO Accessories GmbH,G_09,23-Dec-03,Dec,4.6738,2
Budget version 1,"Wouters,  Lorelei",GO Accessories GmbH,G_16,14-Oct-03,Oct,6.6667,2
Budget version 1,"Aafjes,  Geert",GO Northern Europe,G_16,13-Feb-02,Feb,6.25,3
Budget version 1,"Aaij,  Fytje",GO Northern Europe,G_07,25-Sep-03,Sep,6.4024,2
Budget version 1,"Aaldenberg,  Ernst",GO Northern Europe,G_16,29-Oct-04,Oct,7.1429,1
Budget version 1,"Aalfs,  Engeltje",GO Northern Europe,G_45,20-Aug-04,Aug,8.5938,1
Budget version 1,"Aalmers,  Elsje",GO Northern Europe,G_06,25-Nov-05,Nov,6.993,1
Budget version 1,"Adams,  Eduwart",GO Northern Europe,G_41,17-Apr-03,Apr,10.2041,2
Budget version 1,"Aelberts,  Gisela",GO Northern Europe,G_35,19-Nov-04,Nov,7.4434,1
Budget version 1,"Bakker,  Dirk",GO Northern Europe,G_63,19-Nov-01,Nov,2.5157,4
Budget version 1,"Bernis,  Karel",GO Northern Europe,G_16,28-Oct-02,Oct,6.25,3
Budget version 1,"Borgherssoen,  Claus",GO Northern Europe,G_07,10-Oct-03,Oct,6.4024,2
Budget version 1,"Buren,  Martijn",GO Northern Europe,G_41,23-Apr-02,Apr,9.2593,3
Budget version 1,"Cabrera,  Christiaan",GO Northern Europe,G_51,11-Nov-02,Nov,7.7561,3
Budget version 1,"Dirchs,  Ariaantje",GO Northern Europe,G_24,5-Apr-05,Apr,10.9557,1
Budget version 1,"Eikenboom,  Anneken",GO Northern Europe,G_07,5-Sep-05,Sep,7.3427,1
Budget version 1,"Haverkamp,  Jan",GO Northern Europe,G_17,13-Apr-05,Apr,9.0909,1
Budget version 1,"Jacobs,  Hansje",GO Northern Europe,G_17,13-Apr-05,Apr,9.0909,1
Budget version 1,"Jansens,  Hans",GO Northern Europe,G_42,25-Dec-01,Dec,4.5194,4
Budget version 1,"Jansen-Velasquez,  Belinda",GO Northern Europe,G_42,1-Aug-03,Aug,4.9685,2
Budget version 1,"Janssen,  Kaatje",GO Northern Europe,G_63,4-Dec-01,Dec,2.5157,4
Budget version 1,"Kalkman,  Kick",GO Northern Europe,G_50,31-Mar-03,Mar,5.2871,2
Budget version 1,"Laponder,  Maria",GO Northern Europe,G_16,5-Jul-05,Jul,7.6923,1
Budget version 1,"Meyer,  Aert",GO Northern Europe,G_63,17-May-01,May,2.5157,4
Budget version 1,"Schuman,  Arjan",GO Northern Europe,G_65,11-Dec-01,Dec,1.5317,4
Budget version 1,"Shapiro,  Ellen",GO Northern Europe,G_30,9-Sep-02,Sep,4.569,3
Budget version 1,"Smit,  Katrien",GO Northern Europe,G_63,20-Aug-01,Aug,2.5157,4
Budget version 1,"Vermeeren,  Susan",GO Northern Europe,G_13,28-Nov-05,Nov,10.5503,1
Budget version 1,"Visser,  Agnietje",GO Northern Europe,G_63,3-Sep-01,Sep,2.5157,4
Budget version 1,"Adelsvärd,  Aron",GO Northern Europe,G_63,28-Sep-01,Sep,2.5157,4
Budget version 1,"Ankarcrona,  Artur",GO Northern Europe,G_17,10-Dec-03,Dec,7.6923,2
Budget version 1,"Armfelt,  Axel",GO Northern Europe,G_23,12-Jul-04,Jul,6.9414,1
Budget version 1,"Armfelt,  Benedikt",GO Northern Europe,G_24,28-Apr-03,Apr,8.9866,2
Budget version 1,"Bergström,  Karin",GO Northern Europe,G_50,27-Jan-03,Jan,5.2871,2
Budget version 1,"Björnstjerna,  Baltasar",GO Northern Europe,G_16,13-Sep-05,Sep,7.6923,1
Budget version 1,"Björnstjerna,  Gabriella",GO Northern Europe,G_29,23-Apr-04,Apr,3.1915,1
Budget version 1,"Cronhielm,  Bartholomeus",GO Northern Europe,G_17,5-May-03,May,7.6923,2
Budget version 1,"Cronhielm,  Gerda ",GO Northern Europe,G_53,16-Jun-03,Jun,6.4229,2
Budget version 1,"Engelbrektsson,  Irene",GO Northern Europe,G_30,17-Jan-01,Jan,4.3693,4
Budget version 1,"Flesseman,  Albert",GO Northern Europe,G_09,30-Aug-02,Aug,4.4651,3
Budget version 1,"Frie,  Michael",GO Northern Europe,G_13,24-Aug-01,Aug,7.4193,4
Budget version 1,"Gradin,  Bengt",GO Northern Europe,G_16,27-Oct-05,Oct,7.6923,1
Budget version 1,"Hammarskjöld,  Bertil",GO Northern Europe,G_18,9-May-02,May,5.8889,3
Budget version 1,"Lagerfelt,  Katrine",GO Northern Europe,G_57,10-Oct-02,Oct,4.5643,3
Budget version 1,"Lagerskiöld,  Kerstin",GO Northern Europe,G_45,24-Nov-03,Nov,7.9137,2
Budget version 1,"Lindgren,  Gabriella",GO Northern Europe,G_58,15-Apr-04,Apr,8.37,1
Budget version 1,"Lindgren,  Kim",GO Northern Europe,G_40,29-Sep-03,Sep,8.5106,2
Budget version 1,"Nilsson,  Anders",GO Northern Europe,G_30,9-Dec-02,Dec,4.569,3
Budget version 1,"Nilsson,  Kolina",GO Northern Europe,G_16,4-Feb-03,Feb,6.6667,2
Budget version 1,"Olofsson,  Jorgen",GO Northern Europe,G_07,1-May-02,May,6.0172,3
Budget version 1,"Oxenhufwud,  Kristina",GO Northern Europe,G_45,12-Apr-04,Apr,8.5938,1
Budget version 1,"Ridderstolpe,  Bertil",GO Northern Europe,G_09,8-Jan-04,Jan,4.903,1
Budget version 1,"Sachse,  Hans",GO Northern Europe,G_09,16-May-05,May,5.1558,1
Budget version 1,"Silfverskiöld,  Lotta",GO Northern Europe,G_42,20-Jan-04,Jan,5.2283,1
Budget version 1,"Svinhufvud,  Lovisa",GO Northern Europe,G_42,22-Apr-03,Apr,4.9685,2
Budget version 1,"Virtanen,  Katri",GO Northern Europe,G_07,24-Jun-03,Jun,6.4024,2
Budget version 1,"Vreede,  Frans",GO Northern Europe,G_34,4-Jun-02,Jun,4.7488,3
Budget version 1,"Wattrangius,  Nils",GO Northern Europe,G_09,3-May-04,May,4.903,1
Budget version 1,"Berg,  Hanna",GO Northern Europe,G_06,8-Nov-04,Nov,6.5359,1
Budget version 1,"Eskola,  Petri",GO Northern Europe,G_50,1-Jul-02,Jul,5.0216,3
Budget version 1,"Forssell,  Aila",GO Northern Europe,G_16,7-Jul-03,Jul,6.6667,2
Budget version 1,"Groop,  Erkki",GO Northern Europe,G_13,25-Apr-03,Apr,8.712,2
Budget version 1,"Heikkinen,  Jani",GO Northern Europe,G_44,15-Dec-03,Dec,6.1947,2
Budget version 1,"Isokoski,  Ensio",GO Northern Europe,G_40,11-Sep-01,Sep,7.2727,4
Budget version 1,"Korhonen,  Kaisa",GO Northern Europe,G_07,4-May-01,May,5.6757,4
Budget version 1,"Koskinen,  Kalle",GO Northern Europe,G_07,6-Nov-01,Nov,5.6757,4
Budget version 1,"Laine,  Kaarlo",GO Northern Europe,G_60,2-Oct-02,Oct,4.3346,3
Budget version 1,"Laine,  Liisa",GO Northern Europe,G_35,27-Mar-01,Mar,6.0847,4
Budget version 1,"Lindholm,  Helena",GO Northern Europe,G_42,6-Jan-03,Jan,4.9685,2
Budget version 1,"Mäkelä,  Paavo",GO Northern Europe,G_17,30-Jan-01,Jan,6.6667,4
Budget version 1,"Nieminen,  Dorotea",GO Northern Europe,G_45,14-Jan-05,Jan,9.4017,1
Budget version 1,"Savolainen,  Tuomas",GO Northern Europe,G_30,16-Apr-01,Apr,4.3693,4
Budget version 1,"Virtanen,  Joki",GO Northern Europe,G_49,5-Mar-01,Mar,6.988,4
Budget version 1,"Wainio,  Marko",GO Northern Europe,G_61,4-Nov-02,Nov,5.9649,3
Budget version 1,"Wallgren,  Matias",GO Northern Europe,G_16,28-Mar-05,Mar,7.6923,1
Budget version 1,"Agostini,  Massimo",GO Southern Europe,G_43,10-Aug-01,Aug,5.0279,4
Budget version 1,"Boscolo,  Gabriella",GO Southern Europe,G_58,16-Sep-04,Sep,8.37,1
Budget version 1,"Bruno,  Stefano",GO Southern Europe,G_65,1-May-00,May,1.5086,5
Budget version 1,"Colombo,  Umberto",GO Southern Europe,G_63,24-Jul-00,Jul,2.454,5
Budget version 1,"Costa,  Massimo",GO Southern Europe,G_18,31-Jul-01,Jul,5.5614,4
Budget version 1,"Cruz,  Adara",GO Southern Europe,G_45,19-Sep-03,Sep,7.9137,2
Budget version 1,"De Luca,  Flora",GO Southern Europe,G_16,23-Aug-01,Aug,5.8824,4
Budget version 1,"Esposito,  Mario",GO Southern Europe,G_30,5-Apr-05,Apr,5.2947,1
Budget version 1,"Ferrari,  Arabela",GO Southern Europe,G_29,15-Oct-03,Oct,3.0928,2
Budget version 1,"Ferrari,  Sergio",GO Southern Europe,G_16,15-Dec-03,Dec,6.6667,2
Budget version 1,"Fusillo,  Roberto",GO Southern Europe,G_53,27-May-02,May,6.0352,3
Budget version 1,"Gallo,  Feliti",GO Southern Europe,G_09,9-Jan-03,Jan,4.6738,2
Budget version 1,"Giordano,  Giorgio",GO Southern Europe,G_23,30-May-03,May,6.4909,2
Budget version 1,"Giordano,  Rolando",GO Southern Europe,G_30,2-Apr-04,Apr,5.0285,1
Budget version 1,"Greco,  Rolando",GO Southern Europe,G_63,31-Aug-00,Aug,2.454,5
Budget version 1,"Iacobucci,  Maria",GO Southern Europe,G_50,25-Mar-02,Mar,5.0216,3
Budget version 1,"Lombardi,  Isabella",GO Southern Europe,G_34,24-May-01,May,4.5335,4
Budget version 1,"Lombardi,  Laura",GO Southern Europe,G_07,30-May-05,May,7.3427,1
Budget version 1,"Marino,  Gualtier",GO Southern Europe,G_09,1-Feb-05,Feb,5.1558,1
Budget version 1,"Marino,  Sidonia",GO Southern Europe,G_63,25-Feb-00,Feb,2.454,5
Budget version 1,"Medina,  Benicio",GO Southern Europe,G_09,8-Dec-05,Dec,5.1558,1
Budget version 1,"Morales,  Ada",GO Southern Europe,G_09,7-Feb-03,Feb,4.6738,2
Budget version 1,"Moretti,  Franca",GO Southern Europe,G_60,31-Oct-00,Oct,3.9888,5
Budget version 1,"Nardulli,  Giovanni",GO Southern Europe,G_35,11-Jan-02,Jan,6.4789,3
Budget version 1,"Ortiz,  Adelma",GO Southern Europe,G_27,7-Jan-05,Jan,8.7912,1
Budget version 1,"Pera,  Alberto",GO Southern Europe,G_16,18-Aug-03,Aug,6.6667,2
Budget version 1,"Ricci,  Zola",GO Southern Europe,G_45,28-Jun-04,Jun,8.5938,1
Budget version 1,"Rizzo,  Anna",GO Southern Europe,G_07,17-May-05,May,7.3427,1
Budget version 1,"Rizzo,  Gustavo",GO Southern Europe,G_17,22-Oct-01,Oct,6.6667,4
Budget version 1,"Rossi,  Rupert",GO Southern Europe,G_06,12-Sep-02,Sep,5.7803,3
Budget version 1,"Torta,  Alessandra",GO Southern Europe,G_42,15-Dec-03,Dec,4.9685,2
Budget version 1,"Bordoy,  Clara",GO Southern Europe,G_50,21-Nov-05,Nov,5.9123,1
Budget version 1,"Broschat,  Lara",GO Southern Europe,G_16,9-Jan-04,Jan,7.1429,1
Budget version 1,"Diaz,  Pilar",GO Southern Europe,G_06,27-May-02,May,5.7803,3
Budget version 1,"Flores,  Nadia",GO Southern Europe,G_13,13-Jun-03,Jun,8.712,2
Budget version 1,"Gutierrez,  Dario",GO Southern Europe,G_35,16-Nov-04,Nov,7.4434,1
Budget version 1,"Iglesias,  Tomás",GO Southern Europe,G_42,4-Dec-03,Dec,4.9685,2
Budget version 1,"Jimenez,  Danilo",GO Southern Europe,G_16,9-Mar-05,Mar,7.6923,1
Budget version 1,"Navarro,  Fonda",GO Southern Europe,G_27,4-Jun-03,Jun,7.4766,2
Budget version 1,"Portales,  Laura",GO Southern Europe,G_41,17-Sep-02,Sep,9.2593,3
Budget version 1,"Reyes,  Agatha",GO Southern Europe,G_30,20-Oct-03,Oct,4.7877,2
Budget version 1,"Rivera,  Alejandrino",GO Southern Europe,G_18,26-Nov-01,Nov,5.5614,4
Budget version 1,"Soto,  Chale",GO Southern Europe,G_40,25-Jul-00,Jul,6.7797,5
Budget version 1,"Temiño,  Ignacio",GO Southern Europe,G_44,14-Oct-03,Oct,6.1947,2
Budget version 1,"Torres,  Anica",GO Southern Europe,G_16,29-Nov-05,Nov,7.6923,1
Budget version 1,"Torres,  Isabel",GO Southern Europe,G_63,2-Feb-00,Feb,2.454,5
Budget version 1,"Torres,  Yolanda",GO Southern Europe,G_42,16-Nov-04,Nov,5.2283,1
Budget version 1,"Anuschek,  Ava",GO Southern Europe,G_16,9-Jun-03,Jun,6.6667,2
Budget version 1,"Diederichsen,  Almut",GO Southern Europe,G_63,17-Jul-00,Jul,2.454,5
Budget version 1,"Gebauer,  Kunz",GO Southern Europe,G_07,9-Sep-05,Sep,7.3427,1
Budget version 1,"Grüner,  Sabine",GO Southern Europe,G_42,2-Dec-03,Dec,4.9685,2
Budget version 1,"Hoffer,  Raoul",GO Southern Europe,G_13,7-Jun-02,Jun,8.0139,3
Budget version 1,"Jever,  Emil",GO Southern Europe,G_24,15-Jan-02,Jan,8.2456,3
Budget version 1,"Kellerman,  Ludwig",GO Southern Europe,G_41,10-Oct-03,Oct,10.2041,2
Budget version 1,"Keschmann,  Florian",GO Southern Europe,G_50,5-Apr-05,Apr,5.9123,1
Budget version 1,"Kessler,  Lutz",GO Southern Europe,G_40,19-Jul-01,Jul,7.2727,4
Budget version 1,"Kramer,  Konrad",GO Southern Europe,G_63,5-Oct-00,Oct,2.454,5
Budget version 1,"Kunstler,  Otto",GO Southern Europe,G_17,20-May-03,May,7.6923,2
Budget version 1,"Muller,  Paul",GO Southern Europe,G_17,16-Aug-04,Aug,8.3333,1
Budget version 1,"Reifsneider,  Hinz",GO Southern Europe,G_21,7-Jul-05,Jul,11.5385,1
Budget version 1,"Schirmer,  Thomas",GO Southern Europe,G_16,29-Dec-03,Dec,6.6667,2
Budget version 1,"Schlosser,  Heinrich",GO Southern Europe,G_07,20-Aug-01,Aug,5.6757,4
Budget version 1,"Seefelder,  Willi",GO Southern Europe,G_17,22-Jun-05,Jun,9.0909,1
Budget version 1,"Shulz,  Jutta",GO Southern Europe,G_30,31-Aug-01,Aug,4.3693,4
Budget version 1,"Tibor,  Fabian",GO Southern Europe,G_61,5-Apr-05,Apr,7.265,1
Budget version 1,"Wagner,  Earnest",GO Southern Europe,G_49,28-Feb-03,Feb,8.1232,2
Budget version 1,"Weber,  Heinz",GO Southern Europe,G_51,8-Nov-04,Nov,9.1801,1
Budget version 1,"Zumwald,  Leonie",GO Southern Europe,G_17,23-Jan-02,Jan,7.1429,3
Budget version 2,"Andrews,  George",GO Americas,G_43,1-Oct-02,Oct,5.2941,3
Budget version 2,"Bauer,  Laura",GO Americas,G_65,20-Aug-96,Aug,1.4228,9
Budget version 2,"Bergman,  Dennis",GO Americas,G_63,15-Jul-97,Jul,2.2857,8
Budget version 2,"Boscolo,  Maria",GO Americas,G_63,26-Feb-96,Feb,2.2346,9
Budget version 2,"Bretton,  Frank",GO Americas,G_57,10-Sep-99,Sep,4.0146,6
Budget version 2,"Brown,  Scott",GO Americas,G_63,22-Jul-96,Jul,2.2346,9
Budget version 2,"Dunn,  Paul",GO Americas,G_35,31-May-00,May,5.7357,5
Budget version 2,"Fournier,  Emile",GO Americas,G_13,13-Apr-99,Apr,6.4606,6
Budget version 2,"Fuhlroth,  Frank",GO Americas,G_42,12-May-03,May,4.9685,2
Budget version 2,"Fuller,  Stephanie",GO Americas,G_16,22-Mar-05,Mar,7.6923,1
Budget version 2,"Galley,  Eloise",GO Americas,G_09,5-Apr-00,Apr,4.0991,5
Budget version 2,"Gardner,  Donald",GO Americas,G_61,24-Nov-00,Nov,5.3292,5
Budget version 2,"Henderson,  Steven",GO Americas,G_66,30-Jan-96,Jan,1.3286,9
Budget version 2,"Hirsh,  Derek",GO Americas,G_09,16-Jan-03,Jan,4.6738,2
Budget version 2,"Kane,  Paula",GO Americas,G_53,29-Nov-99,Nov,5.11,6
Budget version 2,"Kent,  James",GO Americas,G_07,27-Sep-00,Sep,5.3708,5
Budget version 2,"Lanuit,  Pascal",GO Americas,G_30,5-Apr-01,Apr,4.3693,4
Budget version 2,"Lauzon,  Bernard",GO Americas,G_17,18-Jul-00,Jul,6.25,5
Budget version 2,"Li,  Ming",GO Americas,G_45,4-Mar-04,Mar,8.5938,1
Budget version 2,"Long,  John",GO Americas,G_45,22-Nov-04,Nov,8.5938,1
Budget version 2,"McCormick,  Ashley",GO Americas,G_16,5-Oct-01,Oct,5.8824,4
Budget version 2,"Miller,  Allen",GO Americas,G_45,18-Jan-99,Jan,6.0109,6
Budget version 2,"Parston,  Chris",GO Americas,G_09,20-Aug-02,Aug,4.4651,3
Budget version 2,"Peterson,  Diane",GO Americas,G_63,26-May-97,May,2.2857,8
Budget version 2,"Pettigrew,  Serge",GO Americas,G_51,7-Jul-00,Jul,6.7145,5
Budget version 2,"Pino,  Lloyd",GO Americas,G_45,26-Jun-97,Jun,5.3659,8
Budget version 2,"Piper,  David",GO Americas,G_45,9-Nov-04,Nov,8.5938,1
Budget version 2,"Racine,  Don",GO Americas,G_21,11-Feb-04,Feb,10.3448,1
Budget version 2,"Rizzo,  Vittorio",GO Americas,G_17,31-Aug-99,Aug,5.8824,6
Budget version 2,"Roach,  Chris",GO Americas,G_24,22-Apr-03,Apr,8.9866,2
Budget version 2,"Romero,  Silvia",GO Americas,G_16,13-Feb-02,Feb,6.25,3
Budget version 2,"Rowland,  Sherry",GO Americas,G_34,28-Mar-00,Mar,4.3369,5
Budget version 2,"Samuelsen,  Dagmar",GO Americas,G_17,26-Dec-97,Dec,5.2632,8
Budget version 2,"Schulz,  Anna",GO Americas,G_06,27-Jan-03,Jan,6.135,2
Budget version 2,"Schwarz,  Barbara",GO Americas,G_07,4-Dec-01,Dec,5.6757,4
Budget version 2,"Scott,  Amy",GO Americas,G_18,26-Mar-01,Mar,5.5614,4
Budget version 2,"Sheppard,  Diane",GO Americas,G_16,11-Apr-03,Apr,6.6667,2
Budget version 2,"Sherwood,  Tammy",GO Americas,G_49,6-Mar-00,Mar,6.5315,5
Budget version 2,"Smith,  Gordon",GO Americas,G_07,30-Jan-97,Jan,4.6256,8
Budget version 2,"Sommer,  Emma",GO Americas,G_60,4-Nov-96,Nov,3.44,9
Budget version 2,"Tamrine,  Penelope",GO Americas,G_67,24-Apr-96,Apr,1.6162,9
Budget version 2,"Taver,  Andrew",GO Americas,G_09,29-May-03,May,4.6738,2
Budget version 2,"Tayer,  Jonathan",GO Americas,G_07,6-Aug-02,Aug,6.0172,3
Budget version 2,"Thomas,  Dale",GO Americas,G_63,12-Aug-97,Aug,2.2857,8
Budget version 2,"Townsend,  Harold",GO Americas,G_29,10-Dec-99,Dec,2.7523,6
Budget version 2,"Vachon,  Martine",GO Americas,G_23,23-Mar-01,Mar,5.7451,4
Budget version 2,"White,  Sally",GO Americas,G_50,4-Mar-03,Mar,5.2871,2
Budget version 2,"Willborn,  Giselle",GO Americas,G_63,29-Jan-97,Jan,2.2857,8
Budget version 2,"Chow,  Donald",GO Americas,G_42,28-Jan-02,Jan,4.7333,3
Budget version 2,"Claudel,  Carole",GO Americas,G_16,2-Jan-04,Jan,7.1429,1
Budget version 2,"Hagen,  Jackie",GO Americas,G_30,8-Jul-02,Jul,4.569,3
Budget version 2,"Henderson,  Tammy",GO Americas,G_24,5-Jan-04,Jan,9.8739,1
Budget version 2,"Pierce,  Samantha",GO Americas,G_30,12-May-03,May,4.7877,2
Budget version 2,"Pike,  Brendon",GO Americas,G_16,24-Feb-03,Feb,6.6667,2
Budget version 2,"Saint-Germain,  Georges",GO Americas,G_50,28-Jan-03,Jan,5.2871,2
Budget version 2,"Belding,  Greg",GO Americas,G_58,10-Apr-00,Apr,6.2706,5
Budget version 2,"Carson,  Eric",GO Americas,G_42,27-Oct-00,Oct,4.324,5
Budget version 2,"Chambers,  Ken",GO Americas,G_29,17-Aug-99,Aug,2.7523,6
Budget version 2,"Cohen,  Valerie",GO Americas,G_09,24-Mar-05,Mar,5.1558,1
Budget version 2,"Cummings,  Rhonda",GO Americas,G_30,13-Aug-02,Aug,4.569,3
Budget version 2,"Duvalier,  Paula",GO Americas,G_09,18-Apr-02,Apr,4.4651,3
Budget version 2,"Lavoie,  Pierre",GO Americas,G_16,2-Jul-03,Jul,6.6667,2
Budget version 2,"Merrigan,  Nicolette",GO Americas,G_09,30-May-97,May,3.6502,8
Budget version 2,"Miles,  Dana",GO Americas,G_07,22-Jul-02,Jul,6.0172,3
Budget version 2,"Ripley,  James",GO Americas,G_42,18-Sep-00,Sep,4.324,5
Budget version 2,"Rodriguez,  Alex",GO Americas,G_50,8-Sep-00,Sep,4.5633,5
Budget version 2,"Rossi,  Agostino",GO Americas,G_09,16-Jul-03,Jul,4.6738,2
Budget version 2,"Wilcox,  Alan",GO Americas,G_34,22-May-97,May,3.8376,8
Budget version 2,"Floyd,  Samantha",GO Americas,G_50,2-May-00,May,4.5633,5
Budget version 2,"Harrows,  George",GO Americas,G_42,14-Aug-03,Aug,4.9685,2
Budget version 2,"Harvey,  Susan",GO Americas,G_40,26-Sep-05,Sep,10.2564,1
Budget version 2,"Lastman,  Audrey",GO Americas,G_42,19-Jun-00,Jun,4.324,5
Budget version 2,"Scott,  Bart",GO Americas,G_30,12-Feb-01,Feb,4.3693,4
Budget version 2,"White,  Melanie",GO Americas,G_16,6-Nov-03,Nov,6.6667,2
Budget version 2,"Brinkley,  Conrad",GO Americas,G_29,25-Jun-02,Jun,3,3
Budget version 2,"Danniston,  Janet",GO Americas,G_09,5-Mar-02,Mar,4.4651,3
Budget version 2,"Fowler,  Dale",GO Americas,G_43,12-Feb-98,Feb,4.3689,7
Budget version 2,"Johnson,  Lowell",GO Americas,G_13,3-Mar-04,Mar,9.5435,1
Budget version 2,"Laurel,  Charles",GO Americas,G_42,30-Jan-03,Jan,4.9685,2
Budget version 2,"Lewiston,  Margaret",GO Americas,G_30,22-Dec-04,Dec,5.0285,1
Budget version 2,"Merkley,  Paula",GO Americas,G_30,30-Jan-02,Jan,4.569,3
Budget version 2,"Ogilvie,  Michaela",GO Americas,G_07,5-Feb-04,Feb,6.8404,1
Budget version 2,"Rojas,  Gabriela",GO Americas,G_34,30-Jul-03,Jul,4.9855,2
Budget version 2,"Sanchez,  Cirineo",GO Americas,G_09,12-Dec-05,Dec,5.1558,1
Budget version 2,"Sinden,  Stephen",GO Americas,G_09,7-Aug-03,Aug,4.6738,2
Budget version 2,"Steinberg,  Nicole",GO Americas,G_57,14-Jan-02,Jan,4.5643,3
Budget version 2,"Thomas,  Janice",GO Americas,G_42,13-Jul-99,Jul,4.1448,6
Budget version 2,"Wright,  Corey",GO Americas,G_50,22-Jan-02,Jan,5.0216,3
Budget version 2,"Germaine,  Harold",GO Americas,G_16,18-Apr-03,Apr,6.6667,2
Budget version 2,"Hoffman,  Maureen",GO Americas,G_44,26-Jun-01,Jun,5.5118,4
Budget version 2,"Michaels,  Chad",GO Americas,G_35,16-Apr-03,Apr,6.9277,2
Budget version 2,"Millers,  Karly",GO Americas,G_16,12-May-03,May,6.6667,2
Budget version 2,"Olsen,  Julie",GO Americas,G_50,15-Aug-00,Aug,4.5633,5
Budget version 2,"Parry,  Vera",GO Americas,G_42,24-Sep-01,Sep,4.5194,4
Budget version 2,"Casares,  Antonio",GO Americas,G_27,8-Dec-03,Dec,7.4766,2
Budget version 2,"Delgado,  Drina",GO Americas,G_42,6-Aug-03,Aug,4.9685,2
Budget version 2,"Garces,  Victor",GO Americas,G_16,1-Jan-04,Jan,7.1429,1
Budget version 2,"Guzman,  Ciro",GO Americas,G_17,26-Sep-00,Sep,6.25,5
Budget version 2,"Guzman,  Malena",GO Americas,G_07,24-Oct-03,Oct,6.4024,2
Budget version 2,"Lopez,  Teresita",GO Americas,G_07,29-Oct-02,Oct,6.0172,3
Budget version 2,"Mendez,  Dion",GO Americas,G_30,16-Apr-04,Apr,5.0285,1
Budget version 2,"Nuñez,  Luis",GO Americas,G_41,23-Jul-04,Jul,11.3636,1
Budget version 2,"Ortega,  Jessica",GO Americas,G_06,30-Apr-01,Apr,5.4645,4
Budget version 2,"Perez,  Gepetto",GO Americas,G_50,29-Jul-03,Jul,5.2871,2
Budget version 2,"Ramirez,  Anna",GO Americas,G_13,19-Nov-01,Nov,7.4193,4
Budget version 2,"Reyna,  Lucía",GO Americas,G_42,8-Sep-03,Sep,4.9685,2
Budget version 2,"Rios,  Isabel",GO Americas,G_24,18-Sep-00,Sep,7.0783,5
Budget version 2,"Ross,  Barb",GO Americas,G_16,2-Mar-04,Mar,7.1429,1
Budget version 2,"Salazar,  Cristina",GO Americas,G_04,22-Apr-02,Apr,4,3
Budget version 2,"Saunder,  Andrea",GO Americas,G_17,23-Dec-02,Dec,7.1429,3
Budget version 2,"Valdez,  Anna",GO Americas,G_16,10-Aug-05,Aug,7.6923,1
Budget version 2,"Valdez,  Esperanza",GO Americas,G_16,19-Mar-03,Mar,6.6667,2
Budget version 2,"Vega,  Nuria",GO Americas,G_17,3-Feb-00,Feb,6.25,5
Budget version 2,"Aguilar,  Violeta",GO Americas,G_07,28-Dec-04,Dec,6.8404,1
Budget version 2,"Alvarez,  Balthasar",GO Americas,G_17,11-May-04,May,8.3333,1
Budget version 2,"Antunes,  Abel",GO Americas,G_40,27-Dec-02,Dec,7.8431,3
Budget version 2,"Barros,  Viviam",GO Americas,G_41,4-Nov-02,Nov,9.2593,3
Budget version 2,"Borges,  Liberio",GO Americas,G_24,26-Oct-04,Oct,9.8739,1
Budget version 2,"Cabral,  Humberto",GO Americas,G_29,19-Aug-05,Aug,3.2967,1
Budget version 2,"Costa,  Izabel",GO Americas,G_04,1-Jun-00,Jun,3.7037,5
Budget version 2,"Couto,  Beatriz",GO Americas,G_16,15-Mar-04,Mar,7.1429,1
Budget version 2,"Dias,  Isadora",GO Americas,G_07,7-Dec-99,Dec,5.0971,6
Budget version 2,"Dias,  Morela",GO Americas,G_45,17-Jul-02,Jul,7.3333,3
Budget version 2,"Ferreira,  Aitana",GO Americas,G_09,1-Oct-03,Oct,4.6738,2
Budget version 2,"Guimarães,  Eduardo",GO Americas,G_42,21-Apr-03,Apr,4.9685,2
Budget version 2,"Lopes,  Bayard",GO Americas,G_50,5-Mar-04,Mar,5.5822,1
Budget version 2,"Oliveira,  Roberto",GO Americas,G_34,8-Oct-01,Oct,4.5335,4
Budget version 2,"Pereira,  Alexandre",GO Americas,G_42,13-Nov-02,Nov,4.7333,3
Budget version 2,"Fujita,  Kouji",GO Asia Pacific,G_26,10-Apr-01,Apr,4.2805,4
Budget version 2,"Hayashi,  Masao",GO Asia Pacific,G_47,2-Apr-01,Apr,4.6921,4
Budget version 2,"Kato,  Aimi",GO Asia Pacific,G_11,1-Oct-02,Oct,6.1481,3
Budget version 2,"Kimura,  Kouhei",GO Asia Pacific,G_19,6-Jun-03,Jun,6.3758,2
Budget version 2,"Shimizu,  Ren",GO Asia Pacific,G_01,15-Dec-03,Dec,4.0636,2
Budget version 2,"Suzuki,  Hitomi",GO Asia Pacific,G_03,14-Feb-01,Feb,5.5854,4
Budget version 2,"Takahashi,  Akemi",GO Asia Pacific,G_26,12-May-03,May,4.6813,2
Budget version 2,"Takahashi,  Kaori",GO Asia Pacific,G_33,15-Feb-05,Feb,12.8205,1
Budget version 2,"Watanabe,  Daiki",GO Asia Pacific,G_62,21-Sep-01,Sep,2.4306,4
Budget version 2,"Yamada,  Akemi",GO Asia Pacific,G_36,19-Jun-01,Jun,4.4304,4
Budget version 2,"Yamamoto,  Ayaka",GO Asia Pacific,G_12,21-Nov-03,Nov,7.5718,2
Budget version 2,"Yamashita,  Nanami",GO Asia Pacific,G_08,23-Feb-05,Feb,10.3679,1
Budget version 2,"Yoshida,  Chiyo",GO Asia Pacific,G_10,23-Mar-04,Mar,8.3333,1
Budget version 2,"Aoki,  Isamu",GO Asia Pacific,G_46,3-Dec-02,Dec,7.513,3
Budget version 2,"Hashimoto,  Akira",GO Asia Pacific,G_11,12-Sep-01,Sep,5.792,4
Budget version 2,"Imori,  Genzo",GO Asia Pacific,G_59,4-Mar-03,Mar,6.3433,2
Budget version 2,"Inoue,  Kenzo",GO Asia Pacific,G_47,4-Sep-01,Sep,4.6921,4
Budget version 2,"Ito,  Isamu",GO Asia Pacific,G_62,1-Jun-01,Jun,2.4306,4
Budget version 2,"Kakui,  Masuzo",GO Asia Pacific,G_36,29-Jul-03,Jul,4.8611,2
Budget version 2,"Kato,  Chiyo",GO Asia Pacific,G_05,27-Mar-01,Mar,4.1856,4
Budget version 2,"Kimura,  Daichi",GO Asia Pacific,G_05,2-May-02,May,4.3684,3
Budget version 2,"Matsumoto,  Kenta",GO Asia Pacific,G_11,1-Jul-05,Jul,7.5385,1
Budget version 2,"Ogawa,  Hideyoshi",GO Asia Pacific,G_37,2-Mar-04,Mar,5.7971,1
Budget version 2,"Saito,  Fumiko",GO Asia Pacific,G_05,31-Dec-01,Dec,4.1856,4
Budget version 2,"Sasaki,  Kazuki",GO Asia Pacific,G_64,11-Dec-01,Dec,1.4493,4
Budget version 2,"Sato,  Haruka",GO Asia Pacific,G_28,29-Jun-04,Jun,5.1282,1
Budget version 2,"Tanaka,  Aimi",GO Asia Pacific,G_26,15-Mar-05,Mar,5.1648,1
Budget version 2,"Tanaka,  Daichi",GO Asia Pacific,G_62,18-May-01,May,2.4306,4
Budget version 2,"Tanaka,  Saburo",GO Asia Pacific,G_32,1-Apr-03,Apr,8.5106,2
Budget version 2,"Uragome,  Kazumi",GO Asia Pacific,G_54,2-Oct-02,Oct,4.5643,3
Budget version 2,"Watanabe,  Aiko",GO Asia Pacific,G_36,9-Jan-03,Jan,4.8611,2
Budget version 2,"Applebergh,  Jonathan",GO Asia Pacific,G_05,23-May-05,May,5.0273,1
Budget version 2,"Berger,  Doris",GO Asia Pacific,G_54,18-Feb-05,Feb,5.2885,1
Budget version 2,"Campbell,  Dean",GO Asia Pacific,G_28,8-Feb-05,Feb,5.4054,1
Budget version 2,"Cartel,  Jake",GO Asia Pacific,G_11,12-Aug-05,Aug,7.5385,1
Budget version 2,"Davidson,  Susan",GO Asia Pacific,G_03,17-May-05,May,7.1923,1
Budget version 2,"Donnelly,  Karen",GO Asia Pacific,G_47,4-Jan-05,Jan,5.7762,1
Budget version 2,"Faraday,  Thomas",GO Asia Pacific,G_05,16-Feb-05,Feb,5.0273,1
Budget version 2,"Fowlie,  Catherine",GO Asia Pacific,G_05,23-May-05,May,5.0273,1
Budget version 2,"Fulford,  Jackie",GO Asia Pacific,G_26,6-Jan-05,Jan,5.1648,1
Budget version 2,"Keneth,  Lawrence",GO Asia Pacific,G_08,21-Jun-05,Jun,10.3679,1
Budget version 2,"Morris,  Laura",GO Asia Pacific,G_01,12-Apr-05,Apr,4.4231,1
Budget version 2,"Samuel,  Andrea",GO Asia Pacific,G_03,25-Apr-05,Apr,7.1923,1
Budget version 2,"Sandles,  Cindy",GO Asia Pacific,G_11,11-Apr-05,Apr,7.5385,1
Budget version 2,"Smythe,  Dave",GO Asia Pacific,G_11,4-Aug-05,Aug,7.5385,1
Budget version 2,"Walter,  Alice",GO Asia Pacific,G_36,6-Jan-05,Jan,5.3846,1
Budget version 2,"Ward,  Donald",GO Asia Pacific,G_26,6-Jan-05,Jan,5.1648,1
Budget version 2,"Wilson,  Ken",GO Asia Pacific,G_10,19-Apr-05,Apr,9.0909,1
Budget version 2,"Choi,  Hye-Yul",GO Asia Pacific,G_20,24-Jan-01,Jan,7.5269,4
Budget version 2,"Choi,  Jung-ho",GO Asia Pacific,G_36,16-Apr-02,Apr,4.6358,3
Budget version 2,"Han,  Kyong-In",GO Asia Pacific,G_36,21-Jun-05,Jun,5.3846,1
Budget version 2,"Hong,  Kyong-In",GO Asia Pacific,G_31,20-Dec-04,Dec,7.3084,1
Budget version 2,"Jung,  Mal-Su",GO Asia Pacific,G_47,30-Dec-05,Dec,5.7762,1
Budget version 2,"Kim,  Chang-ho",GO Asia Pacific,G_36,30-Jul-02,Jul,4.6358,3
Budget version 2,"Kim,  Chi-Mi",GO Asia Pacific,G_38,26-May-03,May,6.0811,2
Budget version 2,"Lee,  Chi-San",GO Asia Pacific,G_03,18-Oct-02,Oct,5.9158,3
Budget version 2,"Lim,  Chi-Mi",GO Asia Pacific,G_26,5-Oct-01,Oct,4.2805,4
Budget version 2,"Namgung,  Yun",GO Asia Pacific,G_10,1-Feb-01,Feb,6.6667,4
Budget version 2,"Pak,  Hae-Un",GO Asia Pacific,G_08,3-Sep-03,Sep,8.5873,2
Budget version 2,"Teo,  He",GO Asia Pacific,G_36,17-Feb-04,Feb,5.1095,1
Budget version 2,"Yoo,  Hui-To",GO Asia Pacific,G_03,6-Apr-04,Apr,6.7097,1
Budget version 2,"Yoon,  Ra-San",GO Asia Pacific,G_11,26-Nov-04,Nov,7.01,1
Budget version 2,"Abbott,  Keith",GO Asia Pacific,G_33,1-Feb-05,Feb,12.8205,1
Budget version 2,"Black,  Thomas",GO Asia Pacific,G_11,17-Nov-03,Nov,6.5508,2
Budget version 2,"Chan,  Fang",GO Asia Pacific,G_36,26-Feb-02,Feb,4.6358,3
Budget version 2,"Fang,  Chin-Tsai",GO Asia Pacific,G_36,15-May-03,May,4.8611,2
Budget version 2,"Hé,  Wenhui",GO Asia Pacific,G_20,17-Oct-03,Oct,8.8608,2
Budget version 2,"Huáng,  Cai",GO Asia Pacific,G_22,4-Jul-05,Jul,8.7912,1
Budget version 2,"Kao,  Kwei-Ping",GO Asia Pacific,G_47,8-Jan-01,Jan,4.6921,4
Budget version 2,"Koh,  Guolong",GO Asia Pacific,G_26,23-Jul-01,Jul,4.2805,4
Budget version 2,"Lee,  Meifeng",GO Asia Pacific,G_03,15-Oct-03,Oct,6.2878,2
Budget version 2,"Liao,  Meifeng",GO Asia Pacific,G_26,15-Jan-04,Jan,4.9112,1
Budget version 2,"Lim,  Liren",GO Asia Pacific,G_03,9-Aug-04,Aug,6.7097,1
Budget version 2,"Liú,  Bang",GO Asia Pacific,G_22,23-Aug-05,Aug,8.7912,1
Budget version 2,"Ng,  Wuxiong",GO Asia Pacific,G_08,25-Sep-01,Sep,7.3286,4
Budget version 2,"Shen,  Wuxiong",GO Asia Pacific,G_39,31-Dec-03,Dec,7.7922,2
Budget version 2,"Smith,  Heather",GO Asia Pacific,G_03,12-Sep-05,Sep,7.1923,1
Budget version 2,"Tan,  Lifang",GO Asia Pacific,G_62,30-Jul-01,Jul,2.4306,4
Budget version 2,"Toh,  Meifeng",GO Asia Pacific,G_56,27-Sep-01,Sep,4.066,4
Budget version 2,"Zhang,  Anling",GO Asia Pacific,G_52,24-Dec-01,Dec,5.6015,4
Budget version 2,"Dong ,  Peng",GO Asia Pacific,G_03,9-Feb-05,Feb,7.1923,1
Budget version 2,"Gao,  Wu",GO Asia Pacific,G_10,18-Feb-02,Feb,7.1429,3
Budget version 2,"Guo,  Liling",GO Asia Pacific,G_48,1-Sep-03,Sep,8.2847,2
Budget version 2,"Guo,  Ting",GO Asia Pacific,G_28,28-Jan-04,Jan,5.1282,1
Budget version 2,"Hu,  Shujuan",GO Asia Pacific,G_55,23-Feb-04,Feb,8.37,1
Budget version 2,"Kong,  Desheng",GO Asia Pacific,G_05,5-Feb-04,Feb,4.7866,1
Budget version 2,"Li,  An",GO Asia Pacific,G_62,5-Nov-01,Nov,2.4306,4
Budget version 2,"Liáng,  Wulong",GO Asia Pacific,G_26,26-Feb-03,Feb,4.6813,2
Budget version 2,"Liú,  Cheng",GO Asia Pacific,G_36,24-Nov-03,Nov,4.8611,2
Budget version 2,"Ma,  Liling",GO Asia Pacific,G_11,13-Jun-02,Jun,6.1481,3
Budget version 2,"Meng,  Fei",GO Asia Pacific,G_36,3-Jun-02,Jun,4.6358,3
Budget version 2,"Pan,  Xin",GO Asia Pacific,G_02,16-Jun-03,Jun,6.0217,2
Budget version 2,"Wáng,  Anguo",GO Asia Pacific,G_03,20-Sep-05,Sep,7.1923,1
Budget version 2,"Wáng,  Baozhen",GO Asia Pacific,G_26,15-May-03,May,4.6813,2
Budget version 2,"Wang,  Xiangyong",GO Asia Pacific,G_26,17-Jun-02,Jun,4.4719,3
Budget version 2,"Wú,  Chengde",GO Asia Pacific,G_31,29-Jul-05,Jul,7.8846,1
Budget version 2,"Yáng,  Baozhen",GO Asia Pacific,G_08,30-May-03,May,8.5873,2
Budget version 2,"Yu,  Xing",GO Asia Pacific,G_11,16-Mar-01,Mar,5.792,4
Budget version 2,"Zhang,  Cai",GO Asia Pacific,G_47,8-Mar-01,Mar,4.6921,4
Budget version 2,"Zhào,  Cheng",GO Asia Pacific,G_39,15-Oct-01,Oct,6.7416,4
Budget version 2,"Zhou,  Li",GO Asia Pacific,G_15,7-Jun-05,Jun,11.5385,1
Budget version 2,"Zhu,  Lide",GO Asia Pacific,G_62,10-Aug-01,Aug,2.4306,4
Budget version 2,"Arnaud,  Adeline",GO Central Europe,G_06,15-Mar-05,Mar,6.993,1
Budget version 2,"Bacchus,  Henri",GO Central Europe,G_16,21-Jan-03,Jan,6.6667,2
Budget version 2,"Béchard,  Julie",GO Central Europe,G_50,26-Jan-04,Jan,5.5822,1
Budget version 2,"Bernard,  Amélie",GO Central Europe,G_27,6-Dec-05,Dec,8.7912,1
Budget version 2,"Borre,  Honoré",GO Central Europe,G_04,20-Jun-05,Jun,4.5455,1
Budget version 2,"Brion ,  Julien",GO Central Europe,G_13,10-Oct-00,Oct,6.9068,5
Budget version 2,"Dauphin,  Jules",GO Central Europe,G_17,14-Oct-02,Oct,7.1429,3
Budget version 2,"Dean,  Jane",GO Central Europe,G_41,2-Oct-00,Oct,7.8125,5
Budget version 2,"Durand,  Brigitte",GO Central Europe,G_40,31-Jan-00,Jan,6.7797,5
Budget version 2,"Gretton,  Caroline",GO Central Europe,G_35,2-Sep-02,Sep,6.4789,3
Budget version 2,"Jauvin,  Étienne",GO Central Europe,G_30,9-Oct-03,Oct,4.7877,2
Budget version 2,"Kodde,  Karine",GO Central Europe,G_42,9-Dec-02,Dec,4.7333,3
Budget version 2,"Labasilier,  Michel",GO Central Europe,G_16,3-May-04,May,7.1429,1
Budget version 2,"Lambert,  Francis",GO Central Europe,G_17,20-Jul-00,Jul,6.25,5
Budget version 2,"Laut,  Susanne",GO Central Europe,G_13,6-Jun-05,Jun,10.5503,1
Budget version 2,"Lavolier,  Philippe",GO Central Europe,G_51,10-Jun-05,Jun,10.1081,1
Budget version 2,"Leblanc,  Pierre",GO Central Europe,G_21,15-Mar-04,Mar,10.3448,1
Budget version 2,"Mercier,  Vincent",GO Central Europe,G_63,17-May-99,May,2.3952,6
Budget version 2,"Michel,  Élizabeth",GO Central Europe,G_42,24-Nov-03,Nov,4.9685,2
Budget version 2,"Nuissier,  Sandrine",GO Central Europe,G_57,23-Feb-05,Feb,5.2885,1
Budget version 2,"Pagé,  Denis",GO Central Europe,G_58,11-Dec-01,Dec,6.6901,4
Budget version 2,"Pascal,  Sébastien",GO Central Europe,G_65,26-Jan-99,Jan,1.4862,6
Budget version 2,"Roche,  Adrienne",GO Central Europe,G_63,10-Sep-99,Sep,2.3952,6
Budget version 2,"Samson,  Frédéric",GO Central Europe,G_50,13-Jan-03,Jan,5.2871,2
Budget version 2,"Thomas,  Anastasie",GO Central Europe,G_07,29-Dec-03,Dec,6.4024,2
Budget version 2,"Turpin,  Daniel",GO Central Europe,G_30,26-Jun-02,Jun,4.569,3
Budget version 2,"Vierin,  Thierry",GO Central Europe,G_35,5-Mar-02,Mar,6.4789,3
Budget version 2,"Bakker,  Johan",GO Central Europe,G_42,25-Dec-00,Dec,4.324,5
Budget version 2,"Becker,  Hans",GO Central Europe,G_42,30-Mar-05,Mar,5.5167,1
Budget version 2,"Gerster,  Earnest",GO Central Europe,G_07,2-Mar-05,Mar,7.3427,1
Budget version 2,"Hirsch,  Fritz",GO Central Europe,G_50,20-Dec-04,Dec,5.5822,1
Budget version 2,"Hoenike,  Katharina",GO Central Europe,G_30,22-Oct-02,Oct,4.569,3
Budget version 2,"Krieger,  Dietz",GO Central Europe,G_63,13-May-99,May,2.3952,6
Budget version 2,"Krieger,  Johanna",GO Central Europe,G_45,25-Jun-02,Jun,7.3333,3
Budget version 2,"Kunze,  Jörg",GO Central Europe,G_43,18-Feb-03,Feb,5.5901,2
Budget version 2,"Lehrer,  Albrecht",GO Central Europe,G_63,21-Jun-99,Jun,2.3952,6
Budget version 2,"Leyder,  Sylvie",GO Central Europe,G_30,4-Jul-03,Jul,4.7877,2
Budget version 2,"Martin,  Florence",GO Central Europe,G_23,7-Mar-05,Mar,7.4592,1
Budget version 2,"Mörike,  Else",GO Central Europe,G_57,7-Nov-00,Nov,4.1825,5
Budget version 2,"Muller,  Johanna",GO Central Europe,G_63,8-Nov-99,Nov,2.3952,6
Budget version 2,"Rayet,  Anne",GO Central Europe,G_04,26-Apr-01,Apr,3.8462,4
Budget version 2,"Samuelsen,  Barbara",GO Central Europe,G_61,3-Jan-02,Jan,5.9649,3
Budget version 2,"Schmidt,  Lea",GO Central Europe,G_42,20-May-02,May,4.7333,3
Budget version 2,"Schmidt,  Maria",GO Central Europe,G_16,27-Dec-05,Dec,7.6923,1
Budget version 2,"Schmuker,  Georg",GO Central Europe,G_16,30-Jan-02,Jan,6.25,3
Budget version 2,"Villemont,  Nicole",GO Central Europe,G_06,5-Dec-05,Dec,6.993,1
Budget version 2,"Wiesinger,  Elsbeth",GO Central Europe,G_50,22-Mar-05,Mar,5.9123,1
Budget version 2,"Winkler,  Björn",GO Central Europe,G_42,13-Jul-04,Jul,5.2283,1
Budget version 2,"Blackwell,  Susan",GO Central Europe,G_16,22-Dec-04,Dec,7.1429,1
Budget version 2,"Butler,  Rick",GO Central Europe,G_30,19-Jun-00,Jun,4.1864,5
Budget version 2,"Chaplin,  Aidan",GO Central Europe,G_16,1-Mar-05,Mar,7.6923,1
Budget version 2,"Hanes,  Veronica",GO Central Europe,G_17,16-Oct-01,Oct,6.6667,4
Budget version 2,"Hart,  Daniel",GO Central Europe,G_24,18-Aug-00,Aug,7.0783,5
Budget version 2,"Hunter,  Angela",GO Central Europe,G_45,23-Feb-05,Feb,9.4017,1
Budget version 2,"Jennings,  Christopher",GO Central Europe,G_44,1-Mar-02,Mar,5.8333,3
Budget version 2,"Jones,  Helen",GO Central Europe,G_53,14-Oct-03,Oct,6.4229,2
Budget version 2,"Keon,  Susan",GO Central Europe,G_63,24-Dec-99,Dec,2.3952,6
Budget version 2,"Martin,  Alice",GO Central Europe,G_07,14-Dec-05,Dec,7.3427,1
Budget version 2,"Roberts,  Andrew",GO Central Europe,G_07,20-Aug-02,Aug,6.0172,3
Budget version 2,"Roberts,  Ian",GO Central Europe,G_60,23-Aug-01,Aug,4.1545,4
Budget version 2,"Ross-Hythe,  James",GO Central Europe,G_42,5-Jan-01,Jan,4.5194,4
Budget version 2,"Scott,  Cindy",GO Central Europe,G_45,17-Sep-01,Sep,6.8323,4
Budget version 2,"Sickling,  Cyril",GO Central Europe,G_17,3-May-05,May,9.0909,1
Budget version 2,"Sommer,  Susanne",GO Central Europe,G_35,15-Jul-04,Jul,7.4434,1
Budget version 2,"Taylor,  Walter",GO Central Europe,G_50,10-Oct-02,Oct,5.0216,3
Budget version 2,"Willoughby,  Humphrey",GO Central Europe,G_30,5-Dec-03,Dec,4.7877,2
Budget version 2,"Browne,  Emily",GO Central Europe,G_30,27-Sep-99,Sep,4.0182,6
Budget version 2,"Kieran,  Hugues",GO Central Europe,G_16,7-Mar-01,Mar,5.8824,4
Budget version 2,"Landen,  Daniel",GO Central Europe,G_16,8-Feb-00,Feb,5.5556,5
Budget version 2,"Linton,  Polly",GO Central Europe,G_50,27-Feb-01,Feb,4.7815,4
Budget version 2,"Walker,  Janet",GO Central Europe,G_42,23-Feb-99,Feb,4.1448,6
Budget version 2,"Bernardin,  Olivier",GO Central Europe,G_24,7-Oct-02,Oct,8.2456,3
Budget version 2,"Brink,  Conrad",GO Central Europe,G_49,21-Feb-03,Feb,8.1232,2
Budget version 2,"David,  Roland",GO Central Europe,G_44,31-Aug-01,Aug,5.5118,4
Budget version 2,"Fouche,  Marcel",GO Central Europe,G_18,5-Aug-05,Aug,7.1525,1
Budget version 2,"Horak,  Michael",GO Central Europe,G_42,17-Jan-05,Jan,5.5167,1
Budget version 2,"Jever,  Frank",GO Central Europe,G_30,6-Dec-05,Dec,5.2947,1
Budget version 2,"Keschmann,  Amara",GO Central Europe,G_16,18-Jan-05,Jan,7.6923,1
Budget version 2,"Laut,  Barnard",GO Central Europe,G_41,28-Jan-05,Jan,12.8205,1
Budget version 2,"O'Reilly,  Diane",GO Central Europe,G_30,6-Jan-05,Jan,5.2947,1
Budget version 2,"Petit,  Anouk",GO Central Europe,G_06,21-Sep-05,Sep,6.993,1
Budget version 2,"Reiter,  Werner",GO Central Europe,G_50,6-Jan-05,Jan,5.9123,1
Budget version 2,"Vanhaelst,  Sophie",GO Central Europe,G_16,6-Jan-05,Jan,7.6923,1
Budget version 2,"Wagner,  Johann",GO Central Europe,G_40,4-Mar-05,Mar,10.2564,1
Budget version 2,"Willborn,  Katja",GO Central Europe,G_18,24-Feb-05,Feb,7.1525,1
Budget version 2,"Wouters,  Ines",GO Central Europe,G_16,12-Dec-05,Dec,7.6923,1
Budget version 2,"Bernard,  Alain",GO Central Europe,G_09,9-Jun-04,Jun,4.903,1
Budget version 2,"Bertrand,  Jeanne",GO Central Europe,G_34,10-Mar-03,Mar,4.9855,2
Budget version 2,"Blanc,  Gérard",GO Central Europe,G_07,15-Nov-05,Nov,7.3427,1
Budget version 2,"Chouteau,  Joseph",GO Central Europe,G_42,7-Jan-05,Jan,5.5167,1
Budget version 2,"Courville,  Emilie",GO Central Europe,G_09,7-Mar-05,Mar,5.1558,1
Budget version 2,"David,  Isabelle",GO Central Europe,G_09,13-Jun-03,Jun,4.6738,2
Budget version 2,"De Crée,  François",GO Central Europe,G_16,7-Jan-05,Jan,7.6923,1
Budget version 2,"Decoudreau,  Carlotta",GO Central Europe,G_30,7-Jan-05,Jan,5.2947,1
Budget version 2,"Dubois,  Antoine",GO Central Europe,G_50,3-Jan-05,Jan,5.9123,1
Budget version 2,"Dupart,  Briand",GO Central Europe,G_09,16-Mar-05,Mar,5.1558,1
Budget version 2,"Faillard,  Chantal",GO Central Europe,G_07,7-Mar-05,Mar,7.3427,1
Budget version 2,"Gallaud,  Bruce",GO Central Europe,G_16,14-Mar-05,Mar,7.6923,1
Budget version 2,"Gellens,  Gracy",GO Central Europe,G_42,6-Jan-05,Jan,5.5167,1
Budget version 2,"Laut,  Robert",GO Central Europe,G_09,12-Jan-04,Jan,4.903,1
Budget version 2,"Martin,  Adrien",GO Central Europe,G_09,18-Apr-05,Apr,5.1558,1
Budget version 2,"Petit,  Alexis",GO Central Europe,G_29,9-Jul-04,Jul,3.1915,1
Budget version 2,"Pujol,  Etienne",GO Central Europe,G_09,7-Jul-03,Jul,4.6738,2
Budget version 2,"Rader,  Reinhard",GO Central Europe,G_09,24-Nov-04,Nov,4.903,1
Budget version 2,"Afschrift,  Hank",GO Accessories GmbH,G_07,12-Jul-02,Jul,6.0172,3
Budget version 2,"Agostini,  Bianca",GO Accessories GmbH,G_06,19-Aug-05,Aug,6.993,1
Budget version 2,"Albiñana,  Roderick",GO Accessories GmbH,G_42,12-Aug-05,Aug,5.5167,1
Budget version 2,"Bacchus,  Gilles",GO Accessories GmbH,G_63,3-Oct-01,Oct,2.5157,4
Budget version 2,"Bakker,  Roger",GO Accessories GmbH,G_30,14-Jul-03,Jul,4.7877,2
Budget version 2,"Baldock,  Anne",GO Accessories GmbH,G_13,1-Mar-01,Mar,7.4193,4
Budget version 2,"Baldock,  Wilbur",GO Accessories GmbH,G_30,21-Jul-03,Jul,4.7877,2
Budget version 2,"Belli,  Marco",GO Accessories GmbH,G_17,20-Jan-05,Jan,9.0909,1
Budget version 2,"Benoit,  Nathalie",GO Accessories GmbH,G_30,24-Nov-03,Nov,4.7877,2
Budget version 2,"Bichot,  Lotta",GO Accessories GmbH,G_42,23-Jan-04,Jan,5.2283,1
Budget version 2,"Bichot,  Nicholas",GO Accessories GmbH,G_61,25-Feb-02,Feb,5.9649,3
Budget version 2,"Blackmore,  Ulla",GO Accessories GmbH,G_50,10-Oct-05,Oct,5.9123,1
Budget version 2,"Bonnet,  Juliette",GO Accessories GmbH,G_16,26-Feb-01,Feb,5.8824,4
Budget version 2,"Borre,  Henri",GO Accessories GmbH,G_63,29-Nov-01,Nov,2.5157,4
Budget version 2,"Boscolo,  Lucia",GO Accessories GmbH,G_17,25-Sep-01,Sep,6.6667,4
Budget version 2,"Braun,  Ellen",GO Accessories GmbH,G_16,24-Dec-01,Dec,5.8824,4
Budget version 2,"Braun,  Josef",GO Accessories GmbH,G_17,12-Aug-02,Aug,7.1429,3
Budget version 2,"Breitfeld,  Henrietta",GO Accessories GmbH,G_27,18-Jan-05,Jan,8.7912,1
Budget version 2,"Brinkerhoff,  Denys",GO Accessories GmbH,G_07,16-Sep-04,Sep,6.8404,1
Budget version 2,"Brown,  Amy",GO Accessories GmbH,G_35,15-Sep-04,Sep,7.4434,1
Budget version 2,"Bruno,  Fausta",GO Accessories GmbH,G_42,24-Oct-02,Oct,4.7333,3
Budget version 2,"Castillo,  Ariel",GO Accessories GmbH,G_30,7-Dec-05,Dec,5.2947,1
Budget version 2,"Chambers,  Jennifer",GO Accessories GmbH,G_41,19-Mar-02,Mar,9.2593,3
Budget version 2,"Chambers,  Warren",GO Accessories GmbH,G_42,5-Jan-04,Jan,5.2283,1
Budget version 2,"Cloet,  Baltje",GO Accessories GmbH,G_07,17-Apr-01,Apr,5.6757,4
Budget version 2,"Coeman,  Betje",GO Accessories GmbH,G_07,9-Sep-03,Sep,6.4024,2
Budget version 2,"David,  Claude",GO Accessories GmbH,G_17,3-Aug-01,Aug,6.6667,4
Budget version 2,"Didier,  Edouard",GO Accessories GmbH,G_40,19-Apr-04,Apr,9.3023,1
Budget version 2,"Didier,  Marlene",GO Accessories GmbH,G_30,23-Apr-02,Apr,4.569,3
Budget version 2,"Durand ,  Ivonne",GO Accessories GmbH,G_07,27-Mar-03,Mar,6.4024,2
Budget version 2,"Elsen,  Henri",GO Accessories GmbH,G_27,10-Dec-02,Dec,6.9565,3
Budget version 2,"Erler,  Rolf",GO Accessories GmbH,G_49,5-Aug-02,Aug,7.513,3
Budget version 2,"Forneret,  Clarice",GO Accessories GmbH,G_13,26-May-04,May,9.5435,1
Budget version 2,"Frohner,  Siegfried",GO Accessories GmbH,G_27,24-Feb-04,Feb,8.0808,1
Budget version 2,"Fusillo,  Armando",GO Accessories GmbH,G_06,20-Mar-02,Mar,5.7803,3
Budget version 2,"Gallo,  Grazia",GO Accessories GmbH,G_24,10-Apr-03,Apr,8.9866,2
Budget version 2,"Garcia,  Bruno",GO Accessories GmbH,G_17,12-Sep-01,Sep,6.6667,4
Budget version 2,"Garcia,  Henriette",GO Accessories GmbH,G_44,4-Apr-05,Apr,7.0707,1
Budget version 2,"Gianni,  Lorenzo",GO Accessories GmbH,G_17,30-Apr-04,Apr,8.3333,1
Budget version 2,"Giordano,  Fiorenza",GO Accessories GmbH,G_42,25-Nov-03,Nov,4.9685,2
Budget version 2,"Greco,  Fabiano",GO Accessories GmbH,G_30,17-Sep-04,Sep,5.0285,1
Budget version 2,"Haak,  Aert",GO Accessories GmbH,G_21,30-May-05,May,11.5385,1
Budget version 2,"Haanraads,  Adriaantje",GO Accessories GmbH,G_30,26-Apr-05,Apr,5.2947,1
Budget version 2,"Hansen,  Aaltje",GO Accessories GmbH,G_16,10-Jan-05,Jan,7.6923,1
Budget version 2,"Harris,  Julian",GO Accessories GmbH,G_34,19-Sep-01,Sep,4.5335,4
Budget version 2,"Heijman,  Adda",GO Accessories GmbH,G_30,15-Apr-05,Apr,5.2947,1
Budget version 2,"Heiman,  Aaghie",GO Accessories GmbH,G_35,28-Apr-03,Apr,6.9277,2
Budget version 2,"Hernandez,  Nominanda",GO Accessories GmbH,G_16,4-Oct-04,Oct,7.1429,1
Budget version 2,"Hoenike,  Heidi",GO Accessories GmbH,G_07,15-Nov-04,Nov,6.8404,1
Budget version 2,"Iacobucci,  Adriana",GO Accessories GmbH,G_63,9-May-01,May,2.5157,4
Budget version 2,"Kessler,  Tim",GO Accessories GmbH,G_13,7-Aug-01,Aug,7.4193,4
Budget version 2,"Kodde,  Rolf",GO Accessories GmbH,G_42,22-Jun-05,Jun,5.5167,1
Budget version 2,"Kramer,  Luca",GO Accessories GmbH,G_45,22-Oct-02,Oct,7.3333,3
Budget version 2,"Kunstler,  David",GO Accessories GmbH,G_13,2-Dec-03,Dec,8.712,2
Budget version 2,"Lalande,  Remi",GO Accessories GmbH,G_16,18-Oct-05,Oct,7.6923,1
Budget version 2,"Laurent,  Beata",GO Accessories GmbH,G_09,27-Sep-01,Sep,4.2743,4
Budget version 2,"Lazzeretti,  Silvia",GO Accessories GmbH,G_58,16-Jun-03,Jun,7.7236,2
Budget version 2,"Leroi,  Benjamin",GO Accessories GmbH,G_44,22-Jan-03,Jan,6.1947,2
Budget version 2,"Leroi,  Gabrielle",GO Accessories GmbH,G_07,20-Sep-02,Sep,6.0172,3
Budget version 2,"Leyder,  Mathilde",GO Accessories GmbH,G_30,10-Jul-02,Jul,4.569,3
Budget version 2,"Lioutau,  Patrick",GO Accessories GmbH,G_53,16-Feb-04,Feb,6.8637,1
Budget version 2,"Lopez,  Maisie",GO Accessories GmbH,G_42,10-Feb-05,Feb,5.5167,1
Budget version 2,"Mallorquin,  Rémy",GO Accessories GmbH,G_27,19-Mar-04,Mar,8.0808,1
Budget version 2,"Marc,  André",GO Accessories GmbH,G_16,4-Jan-01,Jan,5.8824,4
Budget version 2,"Marc,  Serilda",GO Accessories GmbH,G_16,23-Dec-03,Dec,6.6667,2
Budget version 2,"Marino,  Enrico",GO Accessories GmbH,G_30,3-May-04,May,5.0285,1
Budget version 2,"Martin,  Michel",GO Accessories GmbH,G_23,12-Mar-02,Mar,6.0952,3
Budget version 2,"Michel,  Bertrand",GO Accessories GmbH,G_60,6-Oct-04,Oct,4.746,1
Budget version 2,"Michel,  Denise",GO Accessories GmbH,G_07,12-Jul-05,Jul,7.3427,1
Budget version 2,"Moreau,  Amaury",GO Accessories GmbH,G_51,9-Dec-02,Dec,7.7561,3
Budget version 2,"Moreau,  Claire",GO Accessories GmbH,G_07,20-Dec-05,Dec,7.3427,1
Budget version 2,"Muller,  Sarah",GO Accessories GmbH,G_13,3-Mar-03,Mar,8.712,2
Budget version 2,"Nardulli,  Mirella",GO Accessories GmbH,G_17,19-Apr-05,Apr,9.0909,1
Budget version 2,"Pera,  Caterina",GO Accessories GmbH,G_06,12-Dec-05,Dec,6.993,1
Budget version 2,"Ramos,  Agnes",GO Accessories GmbH,G_16,14-Jun-04,Jun,7.1429,1
Budget version 2,"Rayet,  Louise",GO Accessories GmbH,G_16,15-Sep-03,Sep,6.6667,2
Budget version 2,"Reifsneider,  Lukas",GO Accessories GmbH,G_45,12-Oct-04,Oct,8.5938,1
Budget version 2,"Richard,  Astrid",GO Accessories GmbH,G_07,1-Oct-04,Oct,6.8404,1
Budget version 2,"Richter,  Lisa",GO Accessories GmbH,G_09,5-Mar-02,Mar,4.4651,3
Budget version 2,"Romano,  Tessa",GO Accessories GmbH,G_24,14-Jul-03,Jul,8.9866,2
Budget version 2,"Roux,  Christophe",GO Accessories GmbH,G_17,30-Dec-02,Dec,7.1429,3
Budget version 2,"Roux,  Hortense",GO Accessories GmbH,G_44,1-Oct-03,Oct,6.1947,2
Budget version 2,"Ruiz,  Abram",GO Accessories GmbH,G_30,29-Oct-02,Oct,4.569,3
Budget version 2,"Runge,  Werner",GO Accessories GmbH,G_09,21-Jan-03,Jan,4.6738,2
Budget version 2,"Saltzman,  Maximilian",GO Accessories GmbH,G_65,23-Jul-01,Jul,1.5317,4
Budget version 2,"Scarasse,  Margot",GO Accessories GmbH,G_04,15-Dec-03,Dec,4.1667,2
Budget version 2,"Schenker,  Daniel",GO Accessories GmbH,G_09,28-Oct-05,Oct,5.1558,1
Budget version 2,"Schleimer,  Pierre",GO Accessories GmbH,G_16,4-Mar-05,Mar,7.6923,1
Budget version 2,"Schlosser,  Paul",GO Accessories GmbH,G_63,8-Feb-01,Feb,2.5157,4
Budget version 2,"Schmidt,  Niklas",GO Accessories GmbH,G_09,7-May-02,May,4.4651,3
Budget version 2,"Schmuker,  Alexander",GO Accessories GmbH,G_63,16-May-01,May,2.5157,4
Budget version 2,"Schulz,  Julia",GO Accessories GmbH,G_40,10-Oct-01,Oct,7.2727,4
Budget version 2,"Schulz,  Warner",GO Accessories GmbH,G_30,13-Mar-02,Mar,4.569,3
Budget version 2,"Schwarz,  Antje",GO Accessories GmbH,G_41,18-May-04,May,11.3636,1
Budget version 2,"Simon,  Bernard",GO Accessories GmbH,G_63,9-Oct-01,Oct,2.5157,4
Budget version 2,"Simon,  Diane",GO Accessories GmbH,G_07,22-Aug-05,Aug,7.3427,1
Budget version 2,"Tibor,  Obert",GO Accessories GmbH,G_16,9-Jun-03,Jun,6.6667,2
Budget version 2,"Torta,  Emilio",GO Accessories GmbH,G_17,10-Mar-04,Mar,8.3333,1
Budget version 2,"Vanhaelst,  Kurt",GO Accessories GmbH,G_17,13-Aug-01,Aug,6.6667,4
Budget version 2,"Weber,  Leon",GO Accessories GmbH,G_16,28-Sep-01,Sep,5.8824,4
Budget version 2,"Wiesinger,  Adelaide",GO Accessories GmbH,G_09,23-Dec-03,Dec,4.6738,2
Budget version 2,"Wouters,  Lorelei",GO Accessories GmbH,G_16,14-Oct-03,Oct,6.6667,2
Budget version 2,"Aafjes,  Geert",GO Northern Europe,G_16,13-Feb-02,Feb,6.25,3
Budget version 2,"Aaij,  Fytje",GO Northern Europe,G_07,25-Sep-03,Sep,6.4024,2
Budget version 2,"Aaldenberg,  Ernst",GO Northern Europe,G_16,29-Oct-04,Oct,7.1429,1
Budget version 2,"Aalfs,  Engeltje",GO Northern Europe,G_45,20-Aug-04,Aug,8.5938,1
Budget version 2,"Aalmers,  Elsje",GO Northern Europe,G_06,25-Nov-05,Nov,6.993,1
Budget version 2,"Adams,  Eduwart",GO Northern Europe,G_41,17-Apr-03,Apr,10.2041,2
Budget version 2,"Aelberts,  Gisela",GO Northern Europe,G_35,19-Nov-04,Nov,7.4434,1
Budget version 2,"Bakker,  Dirk",GO Northern Europe,G_63,19-Nov-01,Nov,2.5157,4
Budget version 2,"Bernis,  Karel",GO Northern Europe,G_16,28-Oct-02,Oct,6.25,3
Budget version 2,"Borgherssoen,  Claus",GO Northern Europe,G_07,10-Oct-03,Oct,6.4024,2
Budget version 2,"Buren,  Martijn",GO Northern Europe,G_41,23-Apr-02,Apr,9.2593,3
Budget version 2,"Cabrera,  Christiaan",GO Northern Europe,G_51,11-Nov-02,Nov,7.7561,3
Budget version 2,"Dirchs,  Ariaantje",GO Northern Europe,G_24,5-Apr-05,Apr,10.9557,1
Budget version 2,"Eikenboom,  Anneken",GO Northern Europe,G_07,5-Sep-05,Sep,7.3427,1
Budget version 2,"Haverkamp,  Jan",GO Northern Europe,G_17,13-Apr-05,Apr,9.0909,1
Budget version 2,"Jacobs,  Hansje",GO Northern Europe,G_17,13-Apr-05,Apr,9.0909,1
Budget version 2,"Jansens,  Hans",GO Northern Europe,G_42,25-Dec-01,Dec,4.5194,4
Budget version 2,"Jansen-Velasquez,  Belinda",GO Northern Europe,G_42,1-Aug-03,Aug,4.9685,2
Budget version 2,"Janssen,  Kaatje",GO Northern Europe,G_63,4-Dec-01,Dec,2.5157,4
Budget version 2,"Kalkman,  Kick",GO Northern Europe,G_50,31-Mar-03,Mar,5.2871,2
Budget version 2,"Laponder,  Maria",GO Northern Europe,G_16,5-Jul-05,Jul,7.6923,1
Budget version 2,"Meyer,  Aert",GO Northern Europe,G_63,17-May-01,May,2.5157,4
Budget version 2,"Schuman,  Arjan",GO Northern Europe,G_65,11-Dec-01,Dec,1.5317,4
Budget version 2,"Shapiro,  Ellen",GO Northern Europe,G_30,9-Sep-02,Sep,4.569,3
Budget version 2,"Smit,  Katrien",GO Northern Europe,G_63,20-Aug-01,Aug,2.5157,4
Budget version 2,"Vermeeren,  Susan",GO Northern Europe,G_13,28-Nov-05,Nov,10.5503,1
Budget version 2,"Visser,  Agnietje",GO Northern Europe,G_63,3-Sep-01,Sep,2.5157,4
Budget version 2,"Adelsvärd,  Aron",GO Northern Europe,G_63,28-Sep-01,Sep,2.5157,4
Budget version 2,"Ankarcrona,  Artur",GO Northern Europe,G_17,10-Dec-03,Dec,7.6923,2
Budget version 2,"Armfelt,  Axel",GO Northern Europe,G_23,12-Jul-04,Jul,6.9414,1
Budget version 2,"Armfelt,  Benedikt",GO Northern Europe,G_24,28-Apr-03,Apr,8.9866,2
Budget version 2,"Bergström,  Karin",GO Northern Europe,G_50,27-Jan-03,Jan,5.2871,2
Budget version 2,"Björnstjerna,  Baltasar",GO Northern Europe,G_16,13-Sep-05,Sep,7.6923,1
Budget version 2,"Björnstjerna,  Gabriella",GO Northern Europe,G_29,23-Apr-04,Apr,3.1915,1
Budget version 2,"Cronhielm,  Bartholomeus",GO Northern Europe,G_17,5-May-03,May,7.6923,2
Budget version 2,"Cronhielm,  Gerda ",GO Northern Europe,G_53,16-Jun-03,Jun,6.4229,2
Budget version 2,"Engelbrektsson,  Irene",GO Northern Europe,G_30,17-Jan-01,Jan,4.3693,4
Budget version 2,"Flesseman,  Albert",GO Northern Europe,G_09,30-Aug-02,Aug,4.4651,3
Budget version 2,"Frie,  Michael",GO Northern Europe,G_13,24-Aug-01,Aug,7.4193,4
Budget version 2,"Gradin,  Bengt",GO Northern Europe,G_16,27-Oct-05,Oct,7.6923,1
Budget version 2,"Hammarskjöld,  Bertil",GO Northern Europe,G_18,9-May-02,May,5.8889,3
Budget version 2,"Lagerfelt,  Katrine",GO Northern Europe,G_57,10-Oct-02,Oct,4.5643,3
Budget version 2,"Lagerskiöld,  Kerstin",GO Northern Europe,G_45,24-Nov-03,Nov,7.9137,2
Budget version 2,"Lindgren,  Gabriella",GO Northern Europe,G_58,15-Apr-04,Apr,8.37,1
Budget version 2,"Lindgren,  Kim",GO Northern Europe,G_40,29-Sep-03,Sep,8.5106,2
Budget version 2,"Nilsson,  Anders",GO Northern Europe,G_30,9-Dec-02,Dec,4.569,3
Budget version 2,"Nilsson,  Kolina",GO Northern Europe,G_16,4-Feb-03,Feb,6.6667,2
Budget version 2,"Olofsson,  Jorgen",GO Northern Europe,G_07,1-May-02,May,6.0172,3
Budget version 2,"Oxenhufwud,  Kristina",GO Northern Europe,G_45,12-Apr-04,Apr,8.5938,1
Budget version 2,"Ridderstolpe,  Bertil",GO Northern Europe,G_09,8-Jan-04,Jan,4.903,1
Budget version 2,"Sachse,  Hans",GO Northern Europe,G_09,16-May-05,May,5.1558,1
Budget version 2,"Silfverskiöld,  Lotta",GO Northern Europe,G_42,20-Jan-04,Jan,5.2283,1
Budget version 2,"Svinhufvud,  Lovisa",GO Northern Europe,G_42,22-Apr-03,Apr,4.9685,2
Budget version 2,"Virtanen,  Katri",GO Northern Europe,G_07,24-Jun-03,Jun,6.4024,2
Budget version 2,"Vreede,  Frans",GO Northern Europe,G_34,4-Jun-02,Jun,4.7488,3
Budget version 2,"Wattrangius,  Nils",GO Northern Europe,G_09,3-May-04,May,4.903,1
Budget version 2,"Berg,  Hanna",GO Northern Europe,G_06,8-Nov-04,Nov,6.5359,1
Budget version 2,"Eskola,  Petri",GO Northern Europe,G_50,1-Jul-02,Jul,5.0216,3
Budget version 2,"Forssell,  Aila",GO Northern Europe,G_16,7-Jul-03,Jul,6.6667,2
Budget version 2,"Groop,  Erkki",GO Northern Europe,G_13,25-Apr-03,Apr,8.712,2
Budget version 2,"Heikkinen,  Jani",GO Northern Europe,G_44,15-Dec-03,Dec,6.1947,2
Budget version 2,"Isokoski,  Ensio",GO Northern Europe,G_40,11-Sep-01,Sep,7.2727,4
Budget version 2,"Korhonen,  Kaisa",GO Northern Europe,G_07,4-May-01,May,5.6757,4
Budget version 2,"Koskinen,  Kalle",GO Northern Europe,G_07,6-Nov-01,Nov,5.6757,4
Budget version 2,"Laine,  Kaarlo",GO Northern Europe,G_60,2-Oct-02,Oct,4.3346,3
Budget version 2,"Laine,  Liisa",GO Northern Europe,G_35,27-Mar-01,Mar,6.0847,4
Budget version 2,"Lindholm,  Helena",GO Northern Europe,G_42,6-Jan-03,Jan,4.9685,2
Budget version 2,"Mäkelä,  Paavo",GO Northern Europe,G_17,30-Jan-01,Jan,6.6667,4
Budget version 2,"Nieminen,  Dorotea",GO Northern Europe,G_45,14-Jan-05,Jan,9.4017,1
Budget version 2,"Savolainen,  Tuomas",GO Northern Europe,G_30,16-Apr-01,Apr,4.3693,4
Budget version 2,"Virtanen,  Joki",GO Northern Europe,G_49,5-Mar-01,Mar,6.988,4
Budget version 2,"Wainio,  Marko",GO Northern Europe,G_61,4-Nov-02,Nov,5.9649,3
Budget version 2,"Wallgren,  Matias",GO Northern Europe,G_16,28-Mar-05,Mar,7.6923,1
Budget version 2,"Agostini,  Massimo",GO Southern Europe,G_43,10-Aug-01,Aug,5.0279,4
Budget version 2,"Boscolo,  Gabriella",GO Southern Europe,G_58,16-Sep-04,Sep,8.37,1
Budget version 2,"Bruno,  Stefano",GO Southern Europe,G_65,1-May-00,May,1.5086,5
Budget version 2,"Colombo,  Umberto",GO Southern Europe,G_63,24-Jul-00,Jul,2.454,5
Budget version 2,"Costa,  Massimo",GO Southern Europe,G_18,31-Jul-01,Jul,5.5614,4
Budget version 2,"Cruz,  Adara",GO Southern Europe,G_45,19-Sep-03,Sep,7.9137,2
Budget version 2,"De Luca,  Flora",GO Southern Europe,G_16,23-Aug-01,Aug,5.8824,4
Budget version 2,"Esposito,  Mario",GO Southern Europe,G_30,5-Apr-05,Apr,5.2947,1
Budget version 2,"Ferrari,  Arabela",GO Southern Europe,G_29,15-Oct-03,Oct,3.0928,2
Budget version 2,"Ferrari,  Sergio",GO Southern Europe,G_16,15-Dec-03,Dec,6.6667,2
Budget version 2,"Fusillo,  Roberto",GO Southern Europe,G_53,27-May-02,May,6.0352,3
Budget version 2,"Gallo,  Feliti",GO Southern Europe,G_09,9-Jan-03,Jan,4.6738,2
Budget version 2,"Giordano,  Giorgio",GO Southern Europe,G_23,30-May-03,May,6.4909,2
Budget version 2,"Giordano,  Rolando",GO Southern Europe,G_30,2-Apr-04,Apr,5.0285,1
Budget version 2,"Greco,  Rolando",GO Southern Europe,G_63,31-Aug-00,Aug,2.454,5
Budget version 2,"Iacobucci,  Maria",GO Southern Europe,G_50,25-Mar-02,Mar,5.0216,3
Budget version 2,"Lombardi,  Isabella",GO Southern Europe,G_34,24-May-01,May,4.5335,4
Budget version 2,"Lombardi,  Laura",GO Southern Europe,G_07,30-May-05,May,7.3427,1
Budget version 2,"Marino,  Gualtier",GO Southern Europe,G_09,1-Feb-05,Feb,5.1558,1
Budget version 2,"Marino,  Sidonia",GO Southern Europe,G_63,25-Feb-00,Feb,2.454,5
Budget version 2,"Medina,  Benicio",GO Southern Europe,G_09,8-Dec-05,Dec,5.1558,1
Budget version 2,"Morales,  Ada",GO Southern Europe,G_09,7-Feb-03,Feb,4.6738,2
Budget version 2,"Moretti,  Franca",GO Southern Europe,G_60,31-Oct-00,Oct,3.9888,5
Budget version 2,"Nardulli,  Giovanni",GO Southern Europe,G_35,11-Jan-02,Jan,6.4789,3
Budget version 2,"Ortiz,  Adelma",GO Southern Europe,G_27,7-Jan-05,Jan,8.7912,1
Budget version 2,"Pera,  Alberto",GO Southern Europe,G_16,18-Aug-03,Aug,6.6667,2
Budget version 2,"Ricci,  Zola",GO Southern Europe,G_45,28-Jun-04,Jun,8.5938,1
Budget version 2,"Rizzo,  Anna",GO Southern Europe,G_07,17-May-05,May,7.3427,1
Budget version 2,"Rizzo,  Gustavo",GO Southern Europe,G_17,22-Oct-01,Oct,6.6667,4
Budget version 2,"Rossi,  Rupert",GO Southern Europe,G_06,12-Sep-02,Sep,5.7803,3
Budget version 2,"Torta,  Alessandra",GO Southern Europe,G_42,15-Dec-03,Dec,4.9685,2
Budget version 2,"Bordoy,  Clara",GO Southern Europe,G_50,21-Nov-05,Nov,5.9123,1
Budget version 2,"Broschat,  Lara",GO Southern Europe,G_16,9-Jan-04,Jan,7.1429,1
Budget version 2,"Diaz,  Pilar",GO Southern Europe,G_06,27-May-02,May,5.7803,3
Budget version 2,"Flores,  Nadia",GO Southern Europe,G_13,13-Jun-03,Jun,8.712,2
Budget version 2,"Gutierrez,  Dario",GO Southern Europe,G_35,16-Nov-04,Nov,7.4434,1
Budget version 2,"Iglesias,  Tomás",GO Southern Europe,G_42,4-Dec-03,Dec,4.9685,2
Budget version 2,"Jimenez,  Danilo",GO Southern Europe,G_16,9-Mar-05,Mar,7.6923,1
Budget version 2,"Navarro,  Fonda",GO Southern Europe,G_27,4-Jun-03,Jun,7.4766,2
Budget version 2,"Portales,  Laura",GO Southern Europe,G_41,17-Sep-02,Sep,9.2593,3
Budget version 2,"Reyes,  Agatha",GO Southern Europe,G_30,20-Oct-03,Oct,4.7877,2
Budget version 2,"Rivera,  Alejandrino",GO Southern Europe,G_18,26-Nov-01,Nov,5.5614,4
Budget version 2,"Soto,  Chale",GO Southern Europe,G_40,25-Jul-00,Jul,6.7797,5
Budget version 2,"Temiño,  Ignacio",GO Southern Europe,G_44,14-Oct-03,Oct,6.1947,2
Budget version 2,"Torres,  Anica",GO Southern Europe,G_16,29-Nov-05,Nov,7.6923,1
Budget version 2,"Torres,  Isabel",GO Southern Europe,G_63,2-Feb-00,Feb,2.454,5
Budget version 2,"Torres,  Yolanda",GO Southern Europe,G_42,16-Nov-04,Nov,5.2283,1
Budget version 2,"Anuschek,  Ava",GO Southern Europe,G_16,9-Jun-03,Jun,6.6667,2
Budget version 2,"Diederichsen,  Almut",GO Southern Europe,G_63,17-Jul-00,Jul,2.454,5
Budget version 2,"Gebauer,  Kunz",GO Southern Europe,G_07,9-Sep-05,Sep,7.3427,1
Budget version 2,"Grüner,  Sabine",GO Southern Europe,G_42,2-Dec-03,Dec,4.9685,2
Budget version 2,"Hoffer,  Raoul",GO Southern Europe,G_13,7-Jun-02,Jun,8.0139,3
Budget version 2,"Jever,  Emil",GO Southern Europe,G_24,15-Jan-02,Jan,8.2456,3
Budget version 2,"Kellerman,  Ludwig",GO Southern Europe,G_41,10-Oct-03,Oct,10.2041,2
Budget version 2,"Keschmann,  Florian",GO Southern Europe,G_50,5-Apr-05,Apr,5.9123,1
Budget version 2,"Kessler,  Lutz",GO Southern Europe,G_40,19-Jul-01,Jul,7.2727,4
Budget version 2,"Kramer,  Konrad",GO Southern Europe,G_63,5-Oct-00,Oct,2.454,5
Budget version 2,"Kunstler,  Otto",GO Southern Europe,G_17,20-May-03,May,7.6923,2
Budget version 2,"Muller,  Paul",GO Southern Europe,G_17,16-Aug-04,Aug,8.3333,1
Budget version 2,"Reifsneider,  Hinz",GO Southern Europe,G_21,7-Jul-05,Jul,11.5385,1
Budget version 2,"Schirmer,  Thomas",GO Southern Europe,G_16,29-Dec-03,Dec,6.6667,2
Budget version 2,"Schlosser,  Heinrich",GO Southern Europe,G_07,20-Aug-01,Aug,5.6757,4
Budget version 2,"Seefelder,  Willi",GO Southern Europe,G_17,22-Jun-05,Jun,9.0909,1
Budget version 2,"Shulz,  Jutta",GO Southern Europe,G_30,31-Aug-01,Aug,4.3693,4
Budget version 2,"Tibor,  Fabian",GO Southern Europe,G_61,5-Apr-05,Apr,7.265,1
Budget version 2,"Wagner,  Earnest",GO Southern Europe,G_49,28-Feb-03,Feb,8.1232,2
Budget version 2,"Weber,  Heinz",GO Southern Europe,G_51,8-Nov-04,Nov,9.1801,1
Budget version 2,"Zumwald,  Leonie",GO Southern Europe,G_17,23-Jan-02,Jan,7.1429,3
